Id,y
45324,2
45325,3
45326,3
45327,3
45328,3
45329,1
45330,3
45331,1
45332,2
45333,1
45334,1
45335,4
45336,4
45337,3
45338,2
45339,2
45340,3
45341,3
45342,1
45343,3
45344,3
45345,3
45346,1
45347,2
45348,1
45349,3
45350,4
45351,3
45352,3
45353,2
45354,0
45355,0
45356,3
45357,4
45358,3
45359,2
45360,3
45361,1
45362,1
45363,1
45364,3
45365,1
45366,1
45367,3
45368,3
45369,3
45370,3
45371,1
45372,4
45373,1
45374,3
45375,1
45376,1
45377,1
45378,1
45379,1
45380,3
45381,3
45382,3
45383,1
45384,0
45385,3
45386,1
45387,3
45388,1
45389,3
45390,3
45391,0
45392,1
45393,3
45394,3
45395,1
45396,1
45397,3
45398,2
45399,1
45400,1
45401,1
45402,1
45403,1
45404,3
45405,1
45406,3
45407,2
45408,3
45409,3
45410,0
45411,4
45412,2
45413,2
45414,0
45415,3
45416,3
45417,3
45418,3
45419,3
45420,1
45421,1
45422,3
45423,1
45424,1
45425,0
45426,4
45427,3
45428,2
45429,1
45430,2
45431,2
45432,3
45433,3
45434,2
45435,3
45436,1
45437,2
45438,1
45439,2
45440,1
45441,0
45442,4
45443,1
45444,2
45445,4
45446,3
45447,3
45448,0
45449,1
45450,1
45451,1
45452,0
45453,2
45454,1
45455,2
45456,4
45457,3
45458,3
45459,2
45460,4
45461,2
45462,3
45463,4
45464,3
45465,0
45466,1
45467,3
45468,4
45469,0
45470,1
45471,1
45472,0
45473,3
45474,3
45475,1
45476,3
45477,3
45478,3
45479,1
45480,2
45481,0
45482,1
45483,3
45484,2
45485,2
45486,3
45487,3
45488,1
45489,1
45490,2
45491,0
45492,1
45493,2
45494,1
45495,1
45496,1
45497,3
45498,2
45499,1
45500,2
45501,1
45502,2
45503,0
45504,3
45505,0
45506,1
45507,3
45508,2
45509,2
45510,1
45511,2
45512,3
45513,1
45514,1
45515,3
45516,2
45517,2
45518,1
45519,0
45520,3
45521,3
45522,2
45523,3
45524,2
45525,1
45526,2
45527,4
45528,2
45529,0
45530,0
45531,2
45532,2
45533,3
45534,2
45535,3
45536,2
45537,3
45538,4
45539,4
45540,2
45541,3
45542,2
45543,0
45544,1
45545,1
45546,1
45547,1
45548,1
45549,4
45550,1
45551,0
45552,2
45553,1
45554,1
45555,1
45556,0
45557,4
45558,2
45559,1
45560,2
45561,1
45562,2
45563,1
45564,3
45565,3
45566,3
45567,3
45568,4
45569,2
45570,4
45571,3
45572,3
45573,3
45574,1
45575,2
45576,3
45577,1
45578,1
45579,2
45580,4
45581,2
45582,2
45583,2
45584,3
45585,3
45586,3
45587,3
45588,2
45589,3
45590,1
45591,4
45592,3
45593,3
45594,0
45595,1
45596,3
45597,3
45598,3
45599,2
45600,2
45601,1
45602,3
45603,4
45604,1
45605,2
45606,0
45607,1
45608,1
45609,3
45610,3
45611,4
45612,0
45613,0
45614,1
45615,3
45616,1
45617,3
45618,1
45619,1
45620,0
45621,1
45622,0
45623,3
45624,4
45625,1
45626,4
45627,3
45628,2
45629,3
45630,2
45631,3
45632,0
45633,3
45634,1
45635,4
45636,1
45637,1
45638,3
45639,1
45640,1
45641,1
45642,1
45643,2
45644,4
45645,1
45646,1
45647,4
45648,4
45649,3
45650,2
45651,4
45652,1
45653,3
45654,1
45655,3
45656,1
45657,1
45658,2
45659,1
45660,0
45661,1
45662,3
45663,1
45664,1
45665,1
45666,3
45667,1
45668,0
45669,1
45670,1
45671,3
45672,3
45673,2
45674,3
45675,4
45676,3
45677,3
45678,2
45679,3
45680,1
45681,2
45682,1
45683,1
45684,1
45685,2
45686,0
45687,3
45688,3
45689,1
45690,0
45691,2
45692,3
45693,0
45694,1
45695,1
45696,2
45697,3
45698,3
45699,3
45700,3
45701,3
45702,0
45703,1
45704,1
45705,3
45706,1
45707,1
45708,1
45709,2
45710,3
45711,1
45712,3
45713,4
45714,2
45715,1
45716,3
45717,1
45718,1
45719,0
45720,3
45721,1
45722,2
45723,1
45724,2
45725,3
45726,2
45727,1
45728,0
45729,1
45730,4
45731,2
45732,0
45733,1
45734,4
45735,1
45736,2
45737,1
45738,3
45739,2
45740,1
45741,1
45742,4
45743,1
45744,1
45745,2
45746,0
45747,1
45748,4
45749,1
45750,1
45751,3
45752,3
45753,2
45754,3
45755,0
45756,2
45757,2
45758,0
45759,3
45760,2
45761,2
45762,1
45763,3
45764,2
45765,3
45766,1
45767,3
45768,2
45769,2
45770,2
45771,3
45772,2
45773,2
45774,2
45775,3
45776,2
45777,1
45778,1
45779,1
45780,1
45781,1
45782,1
45783,1
45784,2
45785,1
45786,2
45787,2
45788,1
45789,0
45790,1
45791,2
45792,4
45793,3
45794,3
45795,1
45796,2
45797,3
45798,1
45799,2
45800,1
45801,1
45802,3
45803,2
45804,3
45805,3
45806,1
45807,4
45808,3
45809,3
45810,3
45811,2
45812,3
45813,2
45814,1
45815,4
45816,2
45817,1
45818,3
45819,3
45820,3
45821,1
45822,1
45823,3
45824,2
45825,0
45826,0
45827,3
45828,1
45829,2
45830,3
45831,1
45832,3
45833,2
45834,4
45835,3
45836,4
45837,2
45838,1
45839,2
45840,1
45841,4
45842,4
45843,3
45844,1
45845,4
45846,4
45847,4
45848,3
45849,1
45850,1
45851,2
45852,3
45853,3
45854,1
45855,3
45856,2
45857,3
45858,3
45859,3
45860,1
45861,4
45862,1
45863,0
45864,2
45865,0
45866,3
45867,2
45868,1
45869,3
45870,1
45871,0
45872,3
45873,1
45874,1
45875,3
45876,1
45877,3
45878,4
45879,0
45880,1
45881,2
45882,2
45883,3
45884,0
45885,3
45886,4
45887,2
45888,4
45889,3
45890,4
45891,2
45892,0
45893,2
45894,2
45895,3
45896,3
45897,4
45898,1
45899,1
45900,1
45901,1
45902,4
45903,2
45904,2
45905,3
45906,1
45907,2
45908,1
45909,1
45910,0
45911,0
45912,2
45913,1
45914,1
45915,0
45916,4
45917,1
45918,1
45919,2
45920,1
45921,1
45922,1
45923,2
45924,1
45925,1
45926,3
45927,3
45928,3
45929,1
45930,3
45931,3
45932,3
45933,1
45934,1
45935,3
45936,4
45937,3
45938,2
45939,4
45940,0
45941,1
45942,3
45943,3
45944,3
45945,4
45946,2
45947,1
45948,1
45949,0
45950,1
45951,4
45952,4
45953,1
45954,3
45955,1
45956,3
45957,1
45958,3
45959,3
45960,4
45961,1
45962,3
45963,4
45964,1
45965,1
45966,1
45967,3
45968,1
45969,0
45970,1
45971,3
45972,1
45973,1
45974,0
45975,3
45976,3
45977,2
45978,2
45979,2
45980,1
45981,4
45982,3
45983,1
45984,3
45985,3
45986,1
45987,2
45988,3
45989,0
45990,3
45991,3
45992,3
45993,0
45994,3
45995,2
45996,2
45997,0
45998,3
45999,1
46000,0
46001,1
46002,4
46003,3
46004,2
46005,2
46006,3
46007,0
46008,3
46009,3
46010,0
46011,1
46012,1
46013,1
46014,1
46015,1
46016,2
46017,2
46018,2
46019,1
46020,4
46021,1
46022,1
46023,1
46024,4
46025,2
46026,3
46027,1
46028,1
46029,4
46030,4
46031,1
46032,3
46033,3
46034,3
46035,1
46036,0
46037,0
46038,3
46039,3
46040,1
46041,4
46042,0
46043,4
46044,2
46045,1
46046,2
46047,3
46048,3
46049,1
46050,4
46051,2
46052,2
46053,3
46054,3
46055,3
46056,1
46057,1
46058,1
46059,2
46060,0
46061,1
46062,4
46063,2
46064,2
46065,1
46066,0
46067,3
46068,1
46069,3
46070,3
46071,4
46072,2
46073,1
46074,3
46075,1
46076,1
46077,1
46078,1
46079,1
46080,3
46081,1
46082,3
46083,1
46084,1
46085,1
46086,3
46087,1
46088,2
46089,3
46090,3
46091,3
46092,1
46093,1
46094,4
46095,0
46096,1
46097,4
46098,3
46099,0
46100,1
46101,4
46102,2
46103,1
46104,3
46105,1
46106,3
46107,0
46108,3
46109,3
46110,2
46111,3
46112,3
46113,3
46114,0
46115,1
46116,1
46117,4
46118,1
46119,3
46120,1
46121,3
46122,4
46123,3
46124,1
46125,3
46126,3
46127,2
46128,3
46129,1
46130,4
46131,2
46132,2
46133,1
46134,1
46135,2
46136,3
46137,1
46138,0
46139,1
46140,0
46141,3
46142,3
46143,3
46144,1
46145,3
46146,4
46147,0
46148,3
46149,2
46150,1
46151,4
46152,0
46153,2
46154,1
46155,1
46156,3
46157,1
46158,1
46159,3
46160,3
46161,3
46162,4
46163,0
46164,1
46165,2
46166,3
46167,1
46168,3
46169,1
46170,3
46171,2
46172,3
46173,4
46174,3
46175,2
46176,4
46177,1
46178,3
46179,1
46180,3
46181,1
46182,3
46183,1
46184,2
46185,4
46186,4
46187,2
46188,0
46189,0
46190,1
46191,1
46192,1
46193,3
46194,2
46195,4
46196,1
46197,1
46198,3
46199,3
46200,2
46201,3
46202,3
46203,4
46204,4
46205,3
46206,0
46207,1
46208,1
46209,3
46210,3
46211,2
46212,3
46213,1
46214,0
46215,3
46216,2
46217,0
46218,1
46219,1
46220,3
46221,1
46222,0
46223,1
46224,1
46225,2
46226,1
46227,0
46228,0
46229,3
46230,1
46231,3
46232,4
46233,1
46234,2
46235,3
46236,1
46237,2
46238,0
46239,3
46240,2
46241,3
46242,1
46243,0
46244,3
46245,3
46246,2
46247,3
46248,3
46249,2
46250,4
46251,3
46252,2
46253,0
46254,4
46255,4
46256,3
46257,1
46258,1
46259,1
46260,3
46261,3
46262,1
46263,2
46264,1
46265,1
46266,2
46267,2
46268,0
46269,0
46270,2
46271,1
46272,0
46273,2
46274,0
46275,1
46276,1
46277,3
46278,3
46279,1
46280,3
46281,1
46282,3
46283,2
46284,3
46285,2
46286,0
46287,1
46288,3
46289,1
46290,1
46291,3
46292,4
46293,3
46294,0
46295,1
46296,2
46297,3
46298,1
46299,1
46300,4
46301,4
46302,1
46303,1
46304,1
46305,3
46306,1
46307,0
46308,0
46309,2
46310,1
46311,4
46312,1
46313,3
46314,2
46315,3
46316,0
46317,3
46318,3
46319,1
46320,1
46321,1
46322,3
46323,3
46324,0
46325,2
46326,1
46327,1
46328,4
46329,1
46330,1
46331,3
46332,0
46333,3
46334,1
46335,3
46336,1
46337,1
46338,4
46339,4
46340,2
46341,1
46342,2
46343,2
46344,3
46345,4
46346,1
46347,0
46348,1
46349,3
46350,2
46351,1
46352,1
46353,4
46354,3
46355,4
46356,1
46357,3
46358,3
46359,3
46360,1
46361,1
46362,1
46363,3
46364,3
46365,1
46366,1
46367,0
46368,3
46369,4
46370,2
46371,1
46372,2
46373,3
46374,3
46375,1
46376,3
46377,0
46378,0
46379,2
46380,3
46381,1
46382,1
46383,3
46384,3
46385,1
46386,1
46387,2
46388,2
46389,3
46390,3
46391,2
46392,3
46393,1
46394,3
46395,1
46396,3
46397,1
46398,1
46399,4
46400,3
46401,3
46402,1
46403,0
46404,3
46405,4
46406,3
46407,3
46408,3
46409,0
46410,3
46411,1
46412,3
46413,2
46414,1
46415,3
46416,3
46417,3
46418,1
46419,1
46420,1
46421,2
46422,1
46423,0
46424,3
46425,2
46426,2
46427,3
46428,0
46429,4
46430,0
46431,3
46432,2
46433,3
46434,3
46435,2
46436,4
46437,3
46438,1
46439,2
46440,2
46441,2
46442,2
46443,0
46444,4
46445,3
46446,0
46447,2
46448,1
46449,4
46450,1
46451,0
46452,4
46453,1
46454,3
46455,1
46456,3
46457,4
46458,4
46459,3
46460,1
46461,1
46462,2
46463,4
46464,1
46465,1
46466,1
46467,2
46468,2
46469,4
46470,3
46471,3
46472,2
46473,4
46474,1
46475,1
46476,1
46477,3
46478,3
46479,2
46480,3
46481,1
46482,1
46483,1
46484,2
46485,1
46486,2
46487,3
46488,2
46489,1
46490,4
46491,1
46492,3
46493,1
46494,4
46495,3
46496,1
46497,2
46498,3
46499,1
46500,1
46501,2
46502,1
46503,3
46504,1
46505,1
46506,3
46507,0
46508,0
46509,2
46510,2
46511,3
46512,4
46513,1
46514,3
46515,1
46516,3
46517,4
46518,2
46519,0
46520,1
46521,3
46522,1
46523,1
46524,3
46525,3
46526,3
46527,4
46528,1
46529,1
46530,2
46531,0
46532,3
46533,1
46534,1
46535,1
46536,1
46537,3
46538,3
46539,3
46540,3
46541,3
46542,3
46543,1
46544,1
46545,1
46546,2
46547,3
46548,2
46549,1
46550,1
46551,1
46552,0
46553,2
46554,3
46555,4
46556,1
46557,0
46558,1
46559,0
46560,3
46561,4
46562,3
46563,1
46564,1
46565,3
46566,3
46567,3
46568,4
46569,3
46570,1
46571,1
46572,1
46573,3
46574,3
46575,3
46576,4
46577,2
46578,2
46579,4
46580,3
46581,3
46582,1
46583,4
46584,2
46585,4
46586,0
46587,1
46588,3
46589,1
46590,3
46591,2
46592,1
46593,3
46594,4
46595,1
46596,1
46597,2
46598,2
46599,2
46600,3
46601,3
46602,1
46603,2
46604,3
46605,1
46606,1
46607,3
46608,1
46609,4
46610,1
46611,4
46612,1
46613,1
46614,2
46615,1
46616,0
46617,1
46618,2
46619,0
46620,1
46621,1
46622,3
46623,3
46624,2
46625,3
46626,0
46627,1
46628,2
46629,2
46630,1
46631,2
46632,3
46633,0
46634,0
46635,3
46636,3
46637,3
46638,0
46639,3
46640,2
46641,2
46642,3
46643,1
46644,4
46645,3
46646,2
46647,2
46648,1
46649,3
46650,1
46651,0
46652,3
46653,3
46654,1
46655,1
46656,3
46657,3
46658,3
46659,0
46660,1
46661,1
46662,1
46663,2
46664,3
46665,0
46666,3
46667,1
46668,1
46669,2
46670,3
46671,1
46672,3
46673,1
46674,0
46675,3
46676,3
46677,3
46678,1
46679,3
46680,3
46681,4
46682,1
46683,1
46684,2
46685,2
46686,3
46687,3
46688,2
46689,1
46690,1
46691,1
46692,2
46693,3
46694,3
46695,1
46696,3
46697,2
46698,3
46699,1
46700,1
46701,4
46702,3
46703,1
46704,1
46705,2
46706,0
46707,1
46708,3
46709,3
46710,4
46711,3
46712,1
46713,3
46714,1
46715,1
46716,3
46717,1
46718,1
46719,2
46720,3
46721,3
46722,2
46723,1
46724,3
46725,3
46726,1
46727,1
46728,3
46729,4
46730,1
46731,2
46732,3
46733,3
46734,1
46735,2
46736,2
46737,1
46738,1
46739,1
46740,2
46741,3
46742,4
46743,3
46744,0
46745,4
46746,3
46747,4
46748,2
46749,1
46750,1
46751,2
46752,2
46753,1
46754,3
46755,2
46756,1
46757,3
46758,1
46759,1
46760,1
46761,2
46762,1
46763,3
46764,1
46765,3
46766,1
46767,1
46768,1
46769,1
46770,4
46771,0
46772,3
46773,0
46774,1
46775,1
46776,1
46777,2
46778,0
46779,3
46780,1
46781,3
46782,3
46783,3
46784,4
46785,1
46786,0
46787,1
46788,4
46789,4
46790,1
46791,2
46792,1
46793,1
46794,3
46795,3
46796,0
46797,3
46798,2
46799,1
46800,1
46801,1
46802,0
46803,3
46804,2
46805,4
46806,3
46807,3
46808,4
46809,3
46810,1
46811,1
46812,3
46813,0
46814,2
46815,3
46816,3
46817,1
46818,1
46819,3
46820,1
46821,0
46822,3
46823,3
46824,2
46825,2
46826,2
46827,0
46828,1
46829,1
46830,1
46831,4
46832,2
46833,2
46834,3
46835,2
46836,3
46837,1
46838,0
46839,1
46840,1
46841,3
46842,1
46843,3
46844,1
46845,3
46846,0
46847,1
46848,1
46849,3
46850,4
46851,0
46852,0
46853,1
46854,3
46855,3
46856,3
46857,1
46858,2
46859,4
46860,1
46861,3
46862,1
46863,2
46864,1
46865,3
46866,3
46867,3
46868,1
46869,2
46870,1
46871,3
46872,0
46873,1
46874,3
46875,3
46876,3
46877,2
46878,0
46879,1
46880,1
46881,2
46882,0
46883,1
46884,4
46885,1
46886,3
46887,4
46888,0
46889,4
46890,1
46891,1
46892,1
46893,3
46894,3
46895,1
46896,1
46897,1
46898,1
46899,1
46900,0
46901,1
46902,4
46903,1
46904,0
46905,4
46906,4
46907,3
46908,4
46909,1
46910,3
46911,1
46912,2
46913,1
46914,3
46915,3
46916,0
46917,2
46918,3
46919,2
46920,3
46921,1
46922,1
46923,0
46924,1
46925,1
46926,3
46927,0
46928,3
46929,2
46930,4
46931,2
46932,2
46933,2
46934,1
46935,3
46936,2
46937,4
46938,0
46939,1
46940,0
46941,2
46942,1
46943,2
46944,2
46945,1
46946,1
46947,3
46948,1
46949,4
46950,3
46951,1
46952,2
46953,2
46954,1
46955,1
46956,0
46957,1
46958,3
46959,4
46960,3
46961,1
46962,0
46963,0
46964,3
46965,3
46966,3
46967,0
46968,0
46969,4
46970,1
46971,3
46972,3
46973,2
46974,1
46975,1
46976,3
46977,3
46978,2
46979,3
46980,3
46981,1
46982,0
46983,3
46984,1
46985,2
46986,1
46987,4
46988,1
46989,4
46990,0
46991,3
46992,1
46993,0
46994,1
46995,1
46996,3
46997,0
46998,1
46999,1
47000,3
47001,3
47002,1
47003,0
47004,2
47005,1
47006,2
47007,1
47008,2
47009,2
47010,3
47011,0
47012,4
47013,4
47014,1
47015,2
47016,1
47017,0
47018,3
47019,3
47020,3
47021,0
47022,0
47023,4
47024,2
47025,0
47026,3
47027,2
47028,1
47029,3
47030,1
47031,2
47032,3
47033,2
47034,1
47035,2
47036,4
47037,3
47038,1
47039,2
47040,3
47041,3
47042,3
47043,3
47044,3
47045,3
47046,3
47047,1
47048,2
47049,3
47050,1
47051,1
47052,2
47053,3
47054,1
47055,1
47056,3
47057,1
47058,1
47059,2
47060,1
47061,1
47062,3
47063,2
47064,3
47065,3
47066,1
47067,3
47068,1
47069,2
47070,0
47071,1
47072,1
47073,3
47074,3
47075,3
47076,1
47077,3
47078,3
47079,2
47080,2
47081,2
47082,2
47083,2
47084,3
47085,1
47086,3
47087,0
47088,3
47089,3
47090,1
47091,1
47092,3
47093,1
47094,0
47095,3
47096,1
47097,1
47098,0
47099,3
47100,2
47101,4
47102,0
47103,1
47104,0
47105,2
47106,2
47107,1
47108,4
47109,1
47110,0
47111,1
47112,0
47113,1
47114,1
47115,0
47116,4
47117,2
47118,2
47119,1
47120,1
47121,2
47122,3
47123,4
47124,1
47125,3
47126,2
47127,0
47128,2
47129,2
47130,1
47131,3
47132,1
47133,2
47134,2
47135,1
47136,3
47137,0
47138,1
47139,3
47140,3
47141,2
47142,1
47143,1
47144,4
47145,1
47146,4
47147,1
47148,4
47149,1
47150,1
47151,4
47152,1
47153,1
47154,3
47155,3
47156,2
47157,2
47158,3
47159,2
47160,3
47161,4
47162,4
47163,1
47164,3
47165,3
47166,3
47167,1
47168,4
47169,1
47170,4
47171,3
47172,4
47173,3
47174,3
47175,1
47176,3
47177,1
47178,2
47179,1
47180,1
47181,1
47182,2
47183,0
47184,3
47185,3
47186,3
47187,4
47188,4
47189,1
47190,1
47191,4
47192,0
47193,1
47194,1
47195,1
47196,3
47197,1
47198,3
47199,3
47200,3
47201,1
47202,1
47203,4
47204,1
47205,2
47206,4
47207,0
47208,1
47209,2
47210,2
47211,0
47212,2
47213,2
47214,3
47215,3
47216,1
47217,4
47218,1
47219,2
47220,0
47221,4
47222,0
47223,4
47224,3
47225,2
47226,0
47227,3
47228,4
47229,0
47230,4
47231,1
47232,3
47233,1
47234,3
47235,3
47236,2
47237,1
47238,3
47239,4
47240,3
47241,1
47242,2
47243,3
47244,1
47245,1
47246,3
47247,3
47248,3
47249,1
47250,2
47251,1
47252,1
47253,0
47254,1
47255,1
47256,4
47257,3
47258,3
47259,2
47260,2
47261,1
47262,2
47263,4
47264,0
47265,3
47266,3
47267,1
47268,1
47269,2
47270,4
47271,0
47272,1
47273,3
47274,1
47275,0
47276,1
47277,1
47278,2
47279,4
47280,2
47281,1
47282,2
47283,1
47284,4
47285,2
47286,3
47287,2
47288,3
47289,3
47290,2
47291,1
47292,2
47293,3
47294,0
47295,1
47296,1
47297,3
47298,0
47299,3
47300,4
47301,2
47302,1
47303,3
47304,1
47305,4
47306,4
47307,2
47308,3
47309,3
47310,1
47311,2
47312,4
47313,4
47314,0
47315,1
47316,3
47317,3
47318,3
47319,3
47320,1
47321,1
47322,2
47323,4
47324,2
47325,2
47326,3
47327,3
47328,4
47329,3
47330,4
47331,0
47332,1
47333,3
47334,0
47335,1
47336,1
47337,2
47338,4
47339,1
47340,4
47341,4
47342,2
47343,3
47344,3
47345,1
47346,1
47347,1
47348,1
47349,3
47350,2
47351,4
47352,1
47353,2
47354,2
47355,1
47356,1
47357,3
47358,2
47359,3
47360,2
47361,1
47362,1
47363,2
47364,1
47365,1
47366,3
47367,3
47368,2
47369,3
47370,3
47371,1
47372,3
47373,1
47374,1
47375,0
47376,0
47377,3
47378,3
47379,0
47380,1
47381,4
47382,2
47383,1
47384,1
47385,1
47386,2
47387,2
47388,1
47389,2
47390,3
47391,1
47392,1
47393,1
47394,1
47395,0
47396,1
47397,1
47398,3
47399,1
47400,3
47401,1
47402,3
47403,4
47404,2
47405,4
47406,1
47407,2
47408,4
47409,0
47410,0
47411,3
47412,1
47413,2
47414,4
47415,0
47416,2
47417,3
47418,2
47419,2
47420,1
47421,3
47422,2
47423,2
47424,1
47425,3
47426,4
47427,3
47428,1
47429,4
47430,4
47431,3
47432,1
47433,0
47434,4
47435,0
47436,1
47437,2
47438,3
47439,3
47440,2
47441,0
47442,3
47443,1
47444,2
47445,0
47446,1
47447,3
47448,0
47449,0
47450,3
47451,3
47452,0
47453,1
47454,4
47455,2
47456,2
47457,4
47458,2
47459,3
47460,2
47461,3
47462,1
47463,1
47464,3
47465,1
47466,2
47467,3
47468,2
47469,2
47470,0
47471,4
47472,2
47473,3
47474,1
47475,1
47476,3
47477,2
47478,1
47479,2
47480,1
47481,3
47482,1
47483,4
47484,2
47485,3
47486,0
47487,3
47488,1
47489,1
47490,2
47491,3
47492,2
47493,1
47494,0
47495,3
47496,3
47497,1
47498,3
47499,3
47500,3
47501,4
47502,1
47503,1
47504,1
47505,3
47506,1
47507,1
47508,3
47509,0
47510,2
47511,4
47512,3
47513,1
47514,0
47515,2
47516,1
47517,2
47518,2
47519,1
47520,1
47521,1
47522,0
47523,1
47524,4
47525,3
47526,3
47527,2
47528,4
47529,2
47530,2
47531,2
47532,1
47533,4
47534,4
47535,3
47536,2
47537,3
47538,2
47539,1
47540,3
47541,0
47542,3
47543,1
47544,3
47545,3
47546,4
47547,2
47548,3
47549,4
47550,1
47551,2
47552,3
47553,1
47554,3
47555,3
47556,3
47557,0
47558,1
47559,3
47560,0
47561,0
47562,0
47563,1
47564,1
47565,2
47566,4
47567,0
47568,3
47569,4
47570,4
47571,1
47572,1
47573,2
47574,3
47575,1
47576,1
47577,2
47578,3
47579,0
47580,3
47581,1
47582,1
47583,1
47584,1
47585,4
47586,1
47587,1
47588,1
47589,1
47590,1
47591,3
47592,0
47593,3
47594,3
47595,0
47596,1
47597,3
47598,1
47599,3
47600,3
47601,2
47602,3
47603,3
47604,3
47605,2
47606,3
47607,1
47608,4
47609,1
47610,2
47611,0
47612,0
47613,2
47614,1
47615,0
47616,1
47617,2
47618,3
47619,0
47620,3
47621,1
47622,3
47623,1
47624,0
47625,0
47626,2
47627,2
47628,1
47629,2
47630,2
47631,4
47632,1
47633,3
47634,1
47635,4
47636,1
47637,1
47638,1
47639,3
47640,1
47641,3
47642,2
47643,0
47644,3
47645,1
47646,2
47647,3
47648,2
47649,3
47650,0
47651,2
47652,2
47653,0
47654,1
47655,3
47656,3
47657,2
47658,1
47659,3
47660,0
47661,3
47662,2
47663,1
47664,3
47665,2
47666,2
47667,3
47668,3
47669,1
47670,1
47671,2
47672,2
47673,2
47674,4
47675,1
47676,1
47677,1
47678,1
47679,3
47680,2
47681,3
47682,3
47683,4
47684,3
47685,3
47686,3
47687,0
47688,3
47689,2
47690,1
47691,0
47692,1
47693,2
47694,3
47695,2
47696,4
47697,3
47698,3
47699,2
47700,4
47701,3
47702,1
47703,1
47704,4
47705,2
47706,1
47707,1
47708,3
47709,1
47710,1
47711,3
47712,3
47713,3
47714,4
47715,1
47716,4
47717,1
47718,0
47719,1
47720,2
47721,3
47722,2
47723,3
47724,4
47725,3
47726,3
47727,4
47728,1
47729,3
47730,0
47731,3
47732,2
47733,3
47734,1
47735,3
47736,3
47737,1
47738,1
47739,3
47740,1
47741,2
47742,1
47743,2
47744,3
47745,1
47746,1
47747,3
47748,2
47749,3
47750,1
47751,3
47752,4
47753,1
47754,3
47755,3
47756,3
47757,2
47758,1
47759,3
47760,2
47761,3
47762,3
47763,3
47764,1
47765,3
47766,0
47767,2
47768,0
47769,2
47770,3
47771,3
47772,1
47773,1
47774,3
47775,2
47776,1
47777,1
47778,1
47779,3
47780,3
47781,3
47782,3
47783,1
47784,1
47785,3
47786,1
47787,4
47788,3
47789,3
47790,1
47791,1
47792,2
47793,0
47794,1
47795,3
47796,3
47797,1
47798,2
47799,1
47800,3
47801,3
47802,2
47803,2
47804,1
47805,2
47806,2
47807,0
47808,1
47809,0
47810,2
47811,2
47812,3
47813,1
47814,4
47815,3
47816,3
47817,1
47818,3
47819,2
47820,2
47821,1
47822,0
47823,3
47824,2
47825,1
47826,4
47827,2
47828,1
47829,3
47830,2
47831,1
47832,1
47833,3
47834,2
47835,3
47836,2
47837,3
47838,2
47839,1
47840,1
47841,1
47842,2
47843,2
47844,1
47845,2
47846,3
47847,4
47848,1
47849,2
47850,1
47851,1
47852,0
47853,0
47854,3
47855,3
47856,3
47857,3
47858,2
47859,3
47860,3
47861,2
47862,1
47863,1
47864,1
47865,3
47866,3
47867,3
47868,1
47869,2
47870,1
47871,1
47872,4
47873,1
47874,2
47875,3
47876,2
47877,3
47878,3
47879,1
47880,2
47881,1
47882,3
47883,4
47884,2
47885,1
47886,1
47887,2
47888,1
47889,1
47890,1
47891,0
47892,2
47893,1
47894,1
47895,2
47896,3
47897,4
47898,3
47899,1
47900,2
47901,0
47902,4
47903,4
47904,2
47905,0
47906,3
47907,3
47908,4
47909,3
47910,1
47911,1
47912,0
47913,0
47914,3
47915,0
47916,4
47917,3
47918,3
47919,4
47920,4
47921,3
47922,3
47923,1
47924,1
47925,0
47926,1
47927,0
47928,1
47929,4
47930,2
47931,0
47932,1
47933,2
47934,2
47935,1
47936,3
47937,4
47938,1
47939,3
47940,4
47941,1
47942,2
47943,1
47944,3
47945,1
47946,3
47947,1
47948,2
47949,2
47950,3
47951,4
47952,4
47953,3
47954,1
47955,3
47956,1
47957,1
47958,3
47959,3
47960,1
47961,1
47962,4
47963,3
47964,3
47965,3
47966,3
47967,0
47968,3
47969,3
47970,3
47971,3
47972,2
47973,2
47974,3
47975,0
47976,4
47977,3
47978,2
47979,3
47980,3
47981,3
47982,1
47983,1
47984,3
47985,1
47986,4
47987,2
47988,0
47989,3
47990,1
47991,4
47992,0
47993,1
47994,3
47995,1
47996,1
47997,4
47998,3
47999,4
48000,1
48001,3
48002,1
48003,2
48004,1
48005,2
48006,1
48007,1
48008,4
48009,1
48010,1
48011,1
48012,3
48013,3
48014,4
48015,2
48016,1
48017,3
48018,3
48019,1
48020,0
48021,2
48022,1
48023,3
48024,3
48025,0
48026,4
48027,1
48028,4
48029,3
48030,1
48031,3
48032,3
48033,2
48034,0
48035,1
48036,0
48037,3
48038,3
48039,0
48040,1
48041,4
48042,0
48043,2
48044,3
48045,3
48046,1
48047,2
48048,3
48049,3
48050,2
48051,1
48052,3
48053,1
48054,3
48055,3
48056,4
48057,1
48058,2
48059,0
48060,3
48061,2
48062,1
48063,3
48064,4
48065,2
48066,0
48067,1
48068,3
48069,3
48070,2
48071,1
48072,3
48073,3
48074,1
48075,0
48076,2
48077,1
48078,1
48079,3
48080,1
48081,1
48082,2
48083,1
48084,2
48085,4
48086,1
48087,3
48088,4
48089,3
48090,3
48091,2
48092,1
48093,4
48094,0
48095,4
48096,4
48097,3
48098,3
48099,3
48100,3
48101,3
48102,3
48103,3
48104,1
48105,3
48106,4
48107,2
48108,2
48109,4
48110,0
48111,1
48112,3
48113,1
48114,1
48115,3
48116,2
48117,3
48118,1
48119,3
48120,3
48121,2
48122,3
48123,0
48124,3
48125,4
48126,0
48127,3
48128,1
48129,2
48130,3
48131,3
48132,3
48133,3
48134,4
48135,0
48136,0
48137,3
48138,0
48139,2
48140,3
48141,3
48142,3
48143,3
48144,2
48145,2
48146,1
48147,1
48148,2
48149,4
48150,1
48151,4
48152,3
48153,0
48154,2
48155,3
48156,1
48157,1
48158,3
48159,3
48160,3
48161,0
48162,4
48163,4
48164,2
48165,4
48166,2
48167,2
48168,3
48169,4
48170,4
48171,1
48172,3
48173,1
48174,1
48175,4
48176,2
48177,3
48178,2
48179,3
48180,2
48181,3
48182,4
48183,1
48184,1
48185,0
48186,3
48187,2
48188,2
48189,3
48190,3
48191,3
48192,3
48193,1
48194,1
48195,3
48196,0
48197,1
48198,4
48199,2
48200,0
48201,4
48202,2
48203,3
48204,1
48205,3
48206,1
48207,1
48208,3
48209,3
48210,1
48211,3
48212,0
48213,2
48214,3
48215,2
48216,2
48217,1
48218,3
48219,2
48220,1
48221,1
48222,1
48223,1
48224,3
48225,2
48226,2
48227,3
48228,1
48229,1
48230,0
48231,1
48232,3
48233,1
48234,3
48235,3
48236,3
48237,3
48238,1
48239,2
48240,2
48241,4
48242,4
48243,1
48244,1
48245,1
48246,1
48247,2
48248,2
48249,2
48250,2
48251,1
48252,1
48253,4
48254,1
48255,3
48256,1
48257,2
48258,2
48259,3
48260,2
48261,2
48262,1
48263,3
48264,1
48265,2
48266,2
48267,2
48268,4
48269,0
48270,1
48271,1
48272,4
48273,1
48274,3
48275,2
48276,1
48277,0
48278,2
48279,0
48280,0
48281,1
48282,4
48283,3
48284,3
48285,0
48286,1
48287,0
48288,3
48289,2
48290,3
48291,3
48292,1
48293,0
48294,3
48295,1
48296,3
48297,1
48298,1
48299,1
48300,2
48301,1
48302,1
48303,3
48304,1
48305,0
48306,3
48307,1
48308,3
48309,3
48310,2
48311,3
48312,1
48313,3
48314,3
48315,2
48316,2
48317,3
48318,3
48319,0
48320,0
48321,1
48322,3
48323,3
48324,4
48325,4
48326,1
48327,1
48328,3
48329,3
48330,3
48331,2
48332,1
48333,3
48334,3
48335,4
48336,3
48337,1
48338,1
48339,1
48340,2
48341,2
48342,3
48343,0
48344,1
48345,2
48346,4
48347,2
48348,1
48349,1
48350,2
48351,1
48352,3
48353,3
48354,2
48355,3
48356,0
48357,4
48358,3
48359,2
48360,1
48361,1
48362,0
48363,2
48364,1
48365,2
48366,3
48367,1
48368,2
48369,1
48370,4
48371,3
48372,3
48373,3
48374,0
48375,1
48376,3
48377,2
48378,2
48379,3
48380,3
48381,4
48382,4
48383,2
48384,1
48385,1
48386,3
48387,2
48388,2
48389,4
48390,1
48391,3
48392,4
48393,3
48394,1
48395,1
48396,2
48397,1
48398,4
48399,3
48400,2
48401,1
48402,3
48403,2
48404,2
48405,0
48406,0
48407,0
48408,1
48409,2
48410,1
48411,1
48412,0
48413,1
48414,3
48415,0
48416,0
48417,2
48418,1
48419,2
48420,0
48421,2
48422,3
48423,3
48424,3
48425,1
48426,1
48427,3
48428,3
48429,1
48430,4
48431,4
48432,3
48433,3
48434,0
48435,1
48436,1
48437,3
48438,3
48439,3
48440,3
48441,1
48442,1
48443,3
48444,4
48445,4
48446,1
48447,4
48448,1
48449,1
48450,0
48451,1
48452,1
48453,2
48454,4
48455,2
48456,2
48457,3
48458,4
48459,1
48460,0
48461,2
48462,3
48463,3
48464,4
48465,0
48466,1
48467,3
48468,1
48469,1
48470,1
48471,3
48472,2
48473,1
48474,1
48475,2
48476,4
48477,3
48478,3
48479,1
48480,3
48481,3
48482,3
48483,1
48484,2
48485,3
48486,2
48487,3
48488,3
48489,3
48490,1
48491,2
48492,3
48493,2
48494,0
48495,3
48496,2
48497,2
48498,0
48499,1
48500,0
48501,2
48502,3
48503,1
48504,1
48505,1
48506,4
48507,3
48508,1
48509,1
48510,3
48511,3
48512,0
48513,0
48514,1
48515,1
48516,3
48517,3
48518,1
48519,2
48520,2
48521,1
48522,1
48523,1
48524,4
48525,2
48526,4
48527,0
48528,3
48529,4
48530,0
48531,3
48532,1
48533,2
48534,3
48535,2
48536,3
48537,3
48538,4
48539,1
48540,4
48541,1
48542,1
48543,3
48544,2
48545,1
48546,3
48547,2
48548,1
48549,0
48550,4
48551,2
48552,4
48553,2
48554,1
48555,0
48556,1
48557,2
48558,0
48559,4
48560,0
48561,1
48562,1
48563,2
48564,1
48565,1
48566,2
48567,1
48568,1
48569,2
48570,2
48571,1
48572,0
48573,1
48574,2
48575,1
48576,3
48577,3
48578,1
48579,4
48580,2
48581,2
48582,1
48583,3
48584,2
48585,0
48586,0
48587,3
48588,3
48589,2
48590,2
48591,1
48592,3
48593,1
48594,1
48595,1
48596,3
48597,0
48598,3
48599,0
48600,3
48601,4
48602,0
48603,3
48604,1
48605,3
48606,1
48607,0
48608,2
48609,2
48610,1
48611,1
48612,1
48613,1
48614,3
48615,1
48616,3
48617,1
48618,1
48619,0
48620,3
48621,1
48622,2
48623,2
48624,1
48625,3
48626,1
48627,4
48628,1
48629,3
48630,1
48631,1
48632,3
48633,0
48634,2
48635,1
48636,1
48637,1
48638,0
48639,3
48640,4
48641,2
48642,4
48643,1
48644,1
48645,1
48646,3
48647,3
48648,1
48649,2
48650,0
48651,2
48652,1
48653,0
48654,3
48655,1
48656,3
48657,3
48658,1
48659,3
48660,2
48661,1
48662,1
48663,3
48664,1
48665,1
48666,3
48667,3
48668,3
48669,4
48670,2
48671,0
48672,3
48673,1
48674,1
48675,3
48676,3
48677,3
48678,2
48679,3
48680,2
48681,1
48682,4
48683,3
48684,4
48685,4
48686,1
48687,1
48688,3
48689,2
48690,3
48691,1
48692,1
48693,3
48694,3
48695,3
48696,2
48697,0
48698,3
48699,3
48700,0
48701,3
48702,1
48703,3
48704,4
48705,3
48706,3
48707,1
48708,1
48709,3
48710,1
48711,4
48712,1
48713,1
48714,3
48715,0
48716,1
48717,1
48718,1
48719,1
48720,1
48721,0
48722,3
48723,3
48724,0
48725,4
48726,2
48727,1
48728,1
48729,3
48730,2
48731,1
48732,1
48733,0
48734,3
48735,1
48736,2
48737,3
48738,3
48739,1
48740,4
48741,2
48742,4
48743,2
48744,3
48745,1
48746,0
48747,1
48748,1
48749,1
48750,3
48751,1
48752,1
48753,1
48754,3
48755,3
48756,3
48757,3
48758,1
48759,1
48760,4
48761,1
48762,1
48763,4
48764,2
48765,1
48766,4
48767,1
48768,2
48769,1
48770,2
48771,2
48772,2
48773,1
48774,1
48775,0
48776,0
48777,1
48778,3
48779,3
48780,0
48781,1
48782,4
48783,0
48784,3
48785,1
48786,3
48787,3
48788,2
48789,3
48790,1
48791,1
48792,2
48793,1
48794,2
48795,3
48796,1
48797,3
48798,1
48799,1
48800,1
48801,1
48802,1
48803,1
48804,4
48805,2
48806,0
48807,2
48808,0
48809,3
48810,3
48811,3
48812,4
48813,4
48814,2
48815,2
48816,2
48817,4
48818,2
48819,3
48820,1
48821,4
48822,2
48823,1
48824,3
48825,3
48826,1
48827,2
48828,1
48829,1
48830,0
48831,1
48832,3
48833,3
48834,2
48835,2
48836,3
48837,1
48838,1
48839,0
48840,1
48841,2
48842,0
48843,0
48844,3
48845,1
48846,1
48847,2
48848,1
48849,3
48850,3
48851,4
48852,3
48853,4
48854,2
48855,4
48856,3
48857,1
48858,1
48859,3
48860,3
48861,1
48862,2
48863,2
48864,1
48865,3
48866,2
48867,1
48868,3
48869,3
48870,1
48871,3
48872,3
48873,1
48874,2
48875,4
48876,3
48877,0
48878,4
48879,4
48880,2
48881,3
48882,3
48883,3
48884,3
48885,1
48886,1
48887,1
48888,0
48889,3
48890,2
48891,4
48892,4
48893,1
48894,1
48895,4
48896,1
48897,2
48898,4
48899,2
48900,1
48901,0
48902,2
48903,3
48904,2
48905,1
48906,2
48907,1
48908,2
48909,2
48910,3
48911,4
48912,3
48913,2
48914,1
48915,2
48916,1
48917,3
48918,0
48919,1
48920,3
48921,0
48922,3
48923,3
48924,3
48925,2
48926,1
48927,4
48928,3
48929,1
48930,2
48931,1
48932,1
48933,2
48934,0
48935,1
48936,3
48937,4
48938,3
48939,3
48940,2
48941,0
48942,1
48943,3
48944,3
48945,0
48946,1
48947,1
48948,2
48949,1
48950,1
48951,1
48952,2
48953,1
48954,2
48955,0
48956,4
48957,1
48958,0
48959,3
48960,2
48961,4
48962,1
48963,0
48964,1
48965,4
48966,1
48967,1
48968,1
48969,0
48970,3
48971,1
48972,1
48973,2
48974,3
48975,3
48976,3
48977,3
48978,1
48979,0
48980,1
48981,1
48982,1
48983,2
48984,2
48985,3
48986,0
48987,1
48988,3
48989,4
48990,1
48991,3
48992,1
48993,2
48994,1
48995,1
48996,1
48997,1
48998,3
48999,0
49000,1
49001,1
49002,2
49003,2
49004,2
49005,2
49006,3
49007,1
49008,1
49009,3
49010,3
49011,3
49012,2
49013,3
49014,0
49015,3
49016,1
49017,1
49018,3
49019,1
49020,0
49021,1
49022,0
49023,3
49024,3
49025,2
49026,4
49027,0
49028,3
49029,3
49030,0
49031,3
49032,1
49033,4
49034,3
49035,4
49036,4
49037,1
49038,3
49039,2
49040,2
49041,3
49042,3
49043,0
49044,1
49045,1
49046,0
49047,3
49048,3
49049,2
49050,2
49051,1
49052,4
49053,1
49054,1
49055,3
49056,1
49057,3
49058,3
49059,1
49060,0
49061,0
49062,1
49063,1
49064,2
49065,3
49066,2
49067,1
49068,2
49069,0
49070,2
49071,1
49072,3
49073,2
49074,2
49075,4
49076,1
49077,0
49078,1
49079,3
49080,3
49081,3
49082,3
49083,3
49084,3
49085,1
49086,3
49087,3
49088,4
49089,3
49090,0
49091,0
49092,1
49093,1
49094,3
49095,4
49096,3
49097,3
49098,1
49099,1
49100,3
49101,0
49102,4
49103,2
49104,1
49105,1
49106,2
49107,0
49108,3
49109,0
49110,2
49111,1
49112,1
49113,1
49114,2
49115,4
49116,2
49117,3
49118,1
49119,1
49120,1
49121,1
49122,0
49123,1
49124,1
49125,4
49126,3
49127,3
49128,1
49129,3
49130,2
49131,2
49132,3
49133,3
49134,3
49135,3
49136,1
49137,3
49138,1
49139,1
49140,3
49141,2
49142,3
49143,3
49144,3
49145,3
49146,3
49147,1
49148,0
49149,2
49150,2
49151,3
49152,3
49153,2
49154,1
49155,1
49156,3
49157,0
49158,1
49159,2
49160,1
49161,3
49162,1
49163,3
49164,1
49165,3
49166,3
49167,1
49168,4
49169,1
49170,2
49171,1
49172,1
49173,0
49174,2
49175,2
49176,3
49177,3
49178,1
49179,1
49180,3
49181,1
49182,3
49183,0
49184,3
49185,1
49186,3
49187,3
49188,4
49189,3
49190,3
49191,0
49192,4
49193,1
49194,4
49195,3
49196,4
49197,1
49198,1
49199,4
49200,3
49201,1
49202,3
49203,3
49204,2
49205,1
49206,1
49207,0
49208,2
49209,2
49210,3
49211,3
49212,1
49213,4
49214,3
49215,3
49216,0
49217,3
49218,3
49219,3
49220,3
49221,2
49222,0
49223,0
49224,4
49225,4
49226,2
49227,1
49228,1
49229,4
49230,1
49231,1
49232,3
49233,4
49234,3
49235,2
49236,1
49237,4
49238,3
49239,3
49240,3
49241,2
49242,1
49243,1
49244,3
49245,2
49246,3
49247,3
49248,3
49249,3
49250,2
49251,3
49252,3
49253,4
49254,0
49255,3
49256,2
49257,0
49258,3
49259,2
49260,3
49261,1
49262,1
49263,1
49264,3
49265,4
49266,1
49267,3
49268,3
49269,3
49270,3
49271,1
49272,3
49273,4
49274,4
49275,0
49276,1
49277,2
49278,3
49279,3
49280,4
49281,3
49282,1
49283,3
49284,1
49285,3
49286,3
49287,1
49288,2
49289,0
49290,1
49291,0
49292,3
49293,3
49294,2
49295,2
49296,2
49297,2
49298,2
49299,3
49300,3
49301,4
49302,3
49303,1
49304,0
49305,2
49306,0
49307,3
49308,1
49309,3
49310,2
49311,2
49312,2
49313,1
49314,3
49315,4
49316,3
49317,1
49318,1
49319,3
49320,4
49321,1
49322,3
49323,3
49324,0
49325,2
49326,3
49327,4
49328,0
49329,1
49330,0
49331,2
49332,1
49333,3
49334,1
49335,4
49336,1
49337,3
49338,3
49339,1
49340,1
49341,2
49342,0
49343,1
49344,1
49345,1
49346,2
49347,1
49348,2
49349,3
49350,1
49351,2
49352,3
49353,4
49354,3
49355,1
49356,3
49357,4
49358,3
49359,2
49360,3
49361,1
49362,1
49363,0
49364,3
49365,3
49366,3
49367,2
49368,4
49369,1
49370,1
49371,3
49372,1
49373,0
49374,3
49375,1
49376,2
49377,3
49378,4
49379,3
49380,1
49381,1
49382,0
49383,4
49384,0
49385,1
49386,2
49387,1
49388,3
49389,2
49390,3
49391,2
49392,2
49393,1
49394,3
49395,1
49396,3
49397,1
49398,4
49399,1
49400,1
49401,2
49402,2
49403,1
49404,1
49405,0
49406,1
49407,4
49408,1
49409,2
49410,1
49411,4
49412,0
49413,3
49414,0
49415,3
49416,1
49417,2
49418,3
49419,3
49420,3
49421,3
49422,1
49423,1
49424,1
49425,1
49426,4
49427,2
49428,1
49429,0
49430,0
49431,3
49432,1
49433,3
49434,1
49435,1
49436,3
49437,3
49438,1
49439,4
49440,2
49441,3
49442,3
49443,3
49444,3
49445,4
49446,2
49447,1
49448,2
49449,2
49450,1
49451,3
49452,0
49453,4
49454,4
49455,3
49456,1
49457,1
49458,3
49459,1
49460,3
49461,3
49462,1
49463,3
49464,1
49465,3
49466,1
49467,3
49468,3
49469,4
49470,4
49471,1
49472,4
49473,2
49474,1
49475,3
49476,1
49477,3
49478,1
49479,3
49480,0
49481,3
49482,2
49483,0
49484,3
49485,0
49486,3
49487,1
49488,2
49489,0
49490,1
49491,1
49492,1
49493,3
49494,3
49495,4
49496,2
49497,1
49498,1
49499,3
49500,1
49501,1
49502,3
49503,2
49504,3
49505,3
49506,2
49507,1
49508,1
49509,3
49510,3
49511,4
49512,1
49513,1
49514,2
49515,1
49516,2
49517,3
49518,1
49519,1
49520,3
49521,3
49522,0
49523,3
49524,3
49525,3
49526,1
49527,3
49528,3
49529,1
49530,2
49531,0
49532,2
49533,1
49534,4
49535,0
49536,0
49537,1
49538,3
49539,1
49540,3
49541,4
49542,2
49543,1
49544,1
49545,0
49546,2
49547,1
49548,1
49549,4
49550,3
49551,1
49552,1
49553,4
49554,3
49555,1
49556,0
49557,3
49558,4
49559,1
49560,1
49561,2
49562,1
49563,3
49564,3
49565,1
49566,3
49567,1
49568,3
49569,1
49570,3
49571,0
49572,2
49573,1
49574,4
49575,2
49576,1
49577,3
49578,3
49579,1
49580,0
49581,1
49582,0
49583,4
49584,0
49585,0
49586,1
49587,1
49588,3
49589,2
49590,1
49591,1
49592,1
49593,4
49594,1
49595,4
49596,2
49597,1
49598,4
49599,3
49600,2
49601,3
49602,0
49603,2
49604,2
49605,3
49606,2
49607,0
49608,3
49609,3
49610,1
49611,3
49612,3
49613,0
49614,2
49615,0
49616,2
49617,1
49618,3
49619,2
49620,1
49621,2
49622,4
49623,2
49624,2
49625,3
49626,0
49627,1
49628,2
49629,2
49630,3
49631,2
49632,2
49633,3
49634,3
49635,1
49636,3
49637,1
49638,4
49639,1
49640,1
49641,2
49642,1
49643,3
49644,2
49645,2
49646,1
49647,2
49648,2
49649,3
49650,3
49651,1
49652,3
49653,4
49654,3
49655,1
49656,1
49657,1
49658,1
49659,1
49660,1
49661,3
49662,1
49663,1
49664,3
49665,1
49666,3
49667,1
49668,1
49669,1
49670,3
49671,3
49672,1
49673,3
49674,2
49675,1
49676,0
49677,2
49678,1
49679,2
49680,1
49681,2
49682,0
49683,0
49684,0
49685,0
49686,2
49687,1
49688,1
49689,4
49690,3
49691,1
49692,4
49693,3
49694,3
49695,2
49696,2
49697,0
49698,1
49699,3
49700,3
49701,1
49702,3
49703,3
49704,0
49705,1
49706,3
49707,1
49708,2
49709,1
49710,3
49711,3
49712,1
49713,1
49714,2
49715,3
49716,0
49717,4
49718,2
49719,1
49720,3
49721,4
49722,2
49723,0
49724,3
49725,4
49726,2
49727,2
49728,1
49729,1
49730,3
49731,1
49732,3
49733,3
49734,3
49735,1
49736,2
49737,0
49738,0
49739,1
49740,3
49741,0
49742,4
49743,2
49744,1
49745,2
49746,1
49747,3
49748,2
49749,1
49750,3
49751,3
49752,4
49753,1
49754,3
49755,2
49756,3
49757,3
49758,2
49759,1
49760,1
49761,1
49762,1
49763,4
49764,3
49765,0
49766,3
49767,0
49768,1
49769,4
49770,2
49771,3
49772,3
49773,1
49774,1
49775,0
49776,3
49777,2
49778,0
49779,3
49780,2
49781,1
49782,3
49783,3
49784,1
49785,4
49786,2
49787,3
49788,1
49789,2
49790,2
49791,3
49792,1
49793,3
49794,3
49795,1
49796,3
49797,3
49798,3
49799,4
49800,1
49801,1
49802,1
49803,1
49804,3
49805,2
49806,1
49807,3
49808,3
49809,2
49810,3
49811,1
49812,2
49813,3
49814,1
49815,1
49816,3
49817,3
49818,2
49819,3
49820,3
49821,1
49822,3
49823,1
49824,3
49825,1
49826,1
49827,2
49828,3
49829,3
49830,1
49831,1
49832,4
49833,1
49834,3
49835,3
49836,1
49837,3
49838,1
49839,2
49840,0
49841,1
49842,2
49843,4
49844,4
49845,0
49846,4
49847,2
49848,1
49849,3
49850,0
49851,1
49852,3
49853,1
49854,3
49855,3
49856,2
49857,3
49858,1
49859,2
49860,3
49861,1
49862,1
49863,0
49864,1
49865,2
49866,3
49867,2
49868,1
49869,2
49870,1
49871,1
49872,3
49873,3
49874,2
49875,1
49876,0
49877,1
49878,2
49879,3
49880,2
49881,1
49882,1
49883,3
49884,4
49885,3
49886,2
49887,1
49888,2
49889,1
49890,3
49891,3
49892,2
49893,2
49894,2
49895,2
49896,4
49897,1
49898,1
49899,1
49900,3
49901,2
49902,1
49903,0
49904,1
49905,0
49906,0
49907,2
49908,1
49909,1
49910,4
49911,1
49912,2
49913,3
49914,3
49915,3
49916,3
49917,1
49918,1
49919,3
49920,3
49921,2
49922,2
49923,1
49924,1
49925,3
49926,0
49927,3
49928,1
49929,1
49930,4
49931,1
49932,4
49933,1
49934,0
49935,1
49936,4
49937,3
49938,1
49939,3
49940,4
49941,3
49942,1
49943,1
49944,3
49945,2
49946,1
49947,3
49948,3
49949,1
49950,3
49951,3
49952,1
49953,4
49954,0
49955,0
49956,2
49957,1
49958,0
49959,2
49960,1
49961,0
49962,2
49963,1
49964,0
49965,4
49966,3
49967,2
49968,4
49969,1
49970,1
49971,3
49972,3
49973,1
49974,3
49975,2
49976,2
49977,1
49978,2
49979,4
49980,0
49981,1
49982,1
49983,1
49984,2
49985,2
49986,1
49987,1
49988,1
49989,3
49990,1
49991,1
49992,3
49993,3
49994,3
49995,3
49996,1
49997,4
49998,1
49999,0
50000,2
50001,2
50002,3
50003,2
50004,0
50005,4
50006,3
50007,1
50008,1
50009,3
50010,2
50011,3
50012,3
50013,1
50014,1
50015,0
50016,3
50017,1
50018,1
50019,4
50020,1
50021,4
50022,4
50023,2
50024,4
50025,4
50026,2
50027,1
50028,1
50029,0
50030,3
50031,1
50032,3
50033,3
50034,1
50035,2
50036,3
50037,3
50038,4
50039,3
50040,1
50041,1
50042,1
50043,1
50044,0
50045,1
50046,1
50047,3
50048,1
50049,1
50050,1
50051,3
50052,3
50053,3
50054,1
50055,3
50056,1
50057,3
50058,3
50059,0
50060,3
50061,1
50062,2
50063,3
50064,3
50065,1
50066,1
50067,2
50068,4
50069,4
50070,3
50071,1
50072,2
50073,3
50074,1
50075,4
50076,1
50077,3
50078,1
50079,3
50080,2
50081,0
50082,2
50083,1
50084,1
50085,3
50086,1
50087,1
50088,2
50089,1
50090,3
50091,3
50092,3
50093,3
50094,4
50095,3
50096,1
50097,0
50098,3
50099,1
50100,4
50101,1
50102,3
50103,1
50104,2
50105,3
50106,3
50107,3
50108,3
50109,3
50110,0
50111,3
50112,3
50113,1
50114,1
50115,4
50116,3
50117,3
50118,3
50119,0
50120,4
50121,1
50122,3
50123,3
50124,2
50125,3
50126,0
50127,2
50128,1
50129,3
50130,3
50131,4
50132,2
50133,2
50134,0
50135,2
50136,3
50137,3
50138,2
50139,1
50140,3
50141,1
50142,1
50143,2
50144,0
50145,1
50146,1
50147,1
50148,0
50149,3
50150,1
50151,0
50152,1
50153,1
50154,3
50155,1
50156,1
50157,1
50158,0
50159,3
50160,1
50161,2
50162,1
50163,3
50164,3
50165,2
50166,3
50167,0
50168,0
50169,3
50170,3
50171,2
50172,1
50173,3
50174,2
50175,1
50176,3
50177,1
50178,1
50179,1
50180,1
50181,0
50182,1
50183,1
50184,2
50185,3
50186,1
50187,0
50188,2
50189,4
50190,2
50191,1
50192,0
50193,3
50194,0
50195,0
50196,2
50197,2
50198,2
50199,1
50200,0
50201,1
50202,1
50203,1
50204,0
50205,3
50206,1
50207,0
50208,4
50209,1
50210,3
50211,0
50212,2
50213,1
50214,0
50215,3
50216,2
50217,2
50218,1
50219,3
50220,1
50221,2
50222,3
50223,4
50224,3
50225,1
50226,1
50227,2
50228,2
50229,1
50230,2
50231,3
50232,3
50233,1
50234,1
50235,1
50236,2
50237,1
50238,1
50239,1
50240,1
50241,3
50242,2
50243,3
50244,0
50245,1
50246,0
50247,1
50248,4
50249,3
50250,1
50251,3
50252,1
50253,3
50254,4
50255,1
50256,2
50257,1
50258,2
50259,1
50260,3
50261,3
50262,1
50263,4
50264,2
50265,3
50266,0
50267,3
50268,2
50269,3
50270,1
50271,3
50272,4
50273,1
50274,3
50275,1
50276,1
50277,3
50278,3
50279,3
50280,1
50281,3
50282,3
50283,1
50284,1
50285,1
50286,1
50287,3
50288,2
50289,1
50290,1
50291,2
50292,2
50293,4
50294,1
50295,1
50296,0
50297,1
50298,1
50299,1
50300,1
50301,4
50302,2
50303,0
50304,4
50305,3
50306,1
50307,3
50308,0
50309,4
50310,0
50311,3
50312,3
50313,1
50314,0
50315,0
50316,4
50317,2
50318,2
50319,3
50320,3
50321,3
50322,1
50323,3
50324,3
50325,3
50326,2
50327,2
50328,3
50329,3
50330,1
50331,2
50332,1
50333,1
50334,2
50335,2
50336,1
50337,1
50338,1
50339,2
50340,2
50341,2
50342,1
50343,3
50344,3
50345,2
50346,3
50347,2
50348,1
50349,1
50350,3
50351,2
50352,1
50353,3
50354,3
50355,0
50356,0
50357,1
50358,3
50359,0
50360,2
50361,0
50362,4
50363,4
50364,2
50365,3
50366,1
50367,1
50368,1
50369,4
50370,1
50371,3
50372,1
50373,3
50374,2
50375,4
50376,1
50377,2
50378,1
50379,1
50380,1
50381,3
50382,1
50383,3
50384,0
50385,3
50386,2
50387,3
50388,2
50389,1
50390,4
50391,1
50392,3
50393,4
50394,4
50395,4
50396,0
50397,4
50398,2
50399,1
50400,3
50401,1
50402,3
50403,1
50404,2
50405,3
50406,1
50407,4
50408,2
50409,1
50410,1
50411,1
50412,3
50413,1
50414,1
50415,1
50416,1
50417,3
50418,1
50419,3
50420,3
50421,2
50422,1
50423,1
50424,2
50425,1
50426,2
50427,3
50428,1
50429,3
50430,3
50431,2
50432,3
50433,4
50434,3
50435,2
50436,3
50437,3
50438,4
50439,3
50440,3
50441,1
50442,1
50443,1
50444,3
50445,2
50446,1
50447,1
50448,1
50449,3
50450,3
50451,3
50452,4
50453,1
50454,1
50455,2
50456,2
50457,1
50458,3
50459,2
50460,1
50461,3
50462,3
50463,3
50464,3
50465,3
50466,3
50467,3
50468,4
50469,4
50470,2
50471,0
50472,1
50473,1
50474,3
50475,1
50476,2
50477,1
50478,3
50479,1
50480,4
50481,3
50482,4
50483,2
50484,2
50485,1
50486,1
50487,2
50488,1
50489,1
50490,3
50491,2
50492,3
50493,0
50494,4
50495,1
50496,1
50497,1
50498,2
50499,2
50500,2
50501,0
50502,3
50503,3
50504,4
50505,0
50506,3
50507,0
50508,1
50509,3
50510,3
50511,4
50512,1
50513,2
50514,2
50515,1
50516,1
50517,2
50518,2
50519,4
50520,4
50521,3
50522,4
50523,1
50524,1
50525,3
50526,0
50527,4
50528,2
50529,3
50530,3
50531,3
50532,1
50533,1
50534,4
50535,2
50536,1
50537,0
50538,1
50539,1
50540,3
50541,2
50542,4
50543,1
50544,1
50545,2
50546,1
50547,0
50548,2
50549,1
50550,4
50551,1
50552,1
50553,3
50554,3
50555,2
50556,1
50557,1
50558,1
50559,3
50560,2
50561,1
50562,1
50563,1
50564,1
50565,3
50566,2
50567,1
50568,1
50569,3
50570,1
50571,0
50572,2
50573,2
50574,3
50575,3
50576,2
50577,1
50578,3
50579,3
50580,2
50581,4
50582,3
50583,1
50584,3
50585,2
50586,3
50587,2
50588,4
50589,4
50590,1
50591,0
50592,1
50593,1
50594,1
50595,3
50596,0
50597,1
50598,3
50599,1
50600,3
50601,1
50602,2
50603,1
50604,0
50605,2
50606,3
50607,3
50608,3
50609,2
50610,1
50611,4
50612,2
50613,1
50614,2
50615,1
50616,3
50617,1
50618,1
50619,4
50620,1
50621,1
50622,1
50623,1
50624,4
50625,2
50626,3
50627,3
50628,3
50629,2
50630,0
50631,1
50632,1
50633,3
50634,0
50635,3
50636,1
50637,3
50638,1
50639,3
50640,4
50641,2
50642,0
50643,0
50644,3
50645,4
50646,2
50647,1
50648,2
50649,0
50650,3
50651,3
50652,4
50653,1
50654,3
50655,2
50656,1
50657,2
50658,1
50659,4
50660,2
50661,2
50662,3
50663,0
50664,1
50665,1
50666,1
50667,3
50668,1
50669,3
50670,3
50671,1
50672,1
50673,2
50674,0
50675,3
50676,0
50677,3
50678,3
50679,2
50680,2
50681,1
50682,2
50683,1
50684,1
50685,3
50686,3
50687,4
50688,2
50689,3
50690,2
50691,0
50692,4
50693,2
50694,0
50695,1
50696,3
50697,3
50698,2
50699,0
50700,3
50701,0
50702,0
50703,1
50704,3
50705,4
50706,3
50707,1
50708,4
50709,3
50710,3
50711,3
50712,1
50713,3
50714,2
50715,4
50716,3
50717,1
50718,1
50719,1
50720,3
50721,1
50722,3
50723,1
50724,1
50725,0
50726,4
50727,1
50728,1
50729,3
50730,1
50731,3
50732,4
50733,0
50734,3
50735,1
50736,1
50737,0
50738,2
50739,3
50740,2
50741,1
50742,1
50743,3
50744,3
50745,4
50746,4
50747,2
50748,3
50749,3
50750,1
50751,3
50752,3
50753,1
50754,3
50755,1
50756,2
50757,1
50758,0
50759,3
50760,3
50761,2
50762,3
50763,2
50764,3
50765,1
50766,2
50767,3
50768,1
50769,3
50770,3
50771,3
50772,4
50773,4
50774,2
50775,3
50776,4
50777,2
50778,0
50779,2
50780,3
50781,3
50782,4
50783,1
50784,1
50785,2
50786,2
50787,1
50788,4
50789,3
50790,0
50791,4
50792,1
50793,3
50794,2
50795,0
50796,2
50797,3
50798,1
50799,2
50800,2
50801,4
50802,1
50803,1
50804,3
50805,0
50806,4
50807,1
50808,3
50809,1
50810,2
50811,2
50812,1
50813,3
50814,4
50815,0
50816,3
50817,4
50818,3
50819,0
50820,3
50821,1
50822,1
50823,2
50824,4
50825,1
50826,0
50827,4
50828,3
50829,1
50830,4
50831,1
50832,1
50833,3
50834,0
50835,3
50836,2
50837,2
50838,4
50839,2
50840,3
50841,3
50842,3
50843,1
50844,1
50845,3
50846,1
50847,0
50848,1
50849,3
50850,3
50851,3
50852,3
50853,1
50854,1
50855,3
50856,1
50857,1
50858,2
50859,3
50860,2
50861,2
50862,3
50863,2
50864,3
50865,3
50866,3
50867,1
50868,1
50869,1
50870,0
50871,4
50872,0
50873,3
50874,1
50875,3
50876,1
50877,4
50878,1
50879,3
50880,4
50881,3
50882,2
50883,2
50884,1
50885,1
50886,1
50887,2
50888,2
50889,1
50890,2
50891,3
50892,4
50893,1
50894,1
50895,1
50896,3
50897,0
50898,4
50899,1
50900,2
50901,2
50902,2
50903,1
50904,1
50905,2
50906,0
50907,3
50908,4
50909,1
50910,3
50911,0
50912,1
50913,3
50914,2
50915,2
50916,1
50917,2
50918,1
50919,3
50920,0
50921,3
50922,1
50923,1
50924,1
50925,1
50926,1
50927,3
50928,1
50929,3
50930,3
50931,1
50932,3
50933,2
50934,3
50935,2
50936,2
50937,3
50938,3
50939,1
50940,4
50941,3
50942,3
50943,1
50944,3
50945,3
50946,4
50947,0
50948,3
50949,1
50950,1
50951,1
50952,4
50953,3
50954,2
50955,3
50956,3
50957,2
50958,2
50959,2
50960,1
50961,1
50962,1
50963,1
50964,2
50965,4
50966,1
50967,1
50968,2
50969,1
50970,1
50971,1
50972,3
50973,3
50974,1
50975,3
50976,3
50977,3
50978,1
50979,3
50980,3
50981,4
50982,1
50983,3
50984,0
50985,3
50986,2
50987,1
50988,1
50989,3
50990,0
50991,3
50992,3
50993,4
50994,1
50995,3
50996,2
50997,4
50998,1
50999,4
51000,1
51001,1
51002,1
51003,1
51004,3
51005,0
51006,1
51007,1
51008,1
51009,3
51010,3
51011,3
51012,3
51013,3
51014,3
51015,3
51016,2
51017,3
51018,3
51019,3
51020,3
51021,2
51022,2
51023,3
51024,2
51025,3
51026,2
51027,3
51028,4
51029,3
51030,3
51031,3
51032,3
51033,1
51034,0
51035,3
51036,2
51037,4
51038,1
51039,3
51040,3
51041,1
51042,1
51043,3
51044,1
51045,0
51046,0
51047,0
51048,3
51049,1
51050,2
51051,3
51052,0
51053,1
51054,3
51055,0
51056,3
51057,3
51058,3
51059,1
51060,2
51061,1
51062,4
51063,2
51064,1
51065,2
51066,4
51067,3
51068,1
51069,1
51070,1
51071,0
51072,3
51073,4
51074,2
51075,0
51076,1
51077,1
51078,1
51079,1
51080,0
51081,2
51082,3
51083,2
51084,3
51085,4
51086,4
51087,2
51088,3
51089,3
51090,0
51091,1
51092,0
51093,4
51094,2
51095,1
51096,4
51097,3
51098,1
51099,0
51100,1
51101,0
51102,3
51103,2
51104,2
51105,1
51106,3
51107,3
51108,3
51109,3
51110,1
51111,0
51112,2
51113,3
51114,2
51115,2
51116,1
51117,1
51118,3
51119,3
51120,1
51121,4
51122,2
51123,3
51124,1
51125,1
51126,1
51127,4
51128,3
51129,2
51130,1
51131,2
51132,1
51133,1
51134,1
51135,3
51136,0
51137,4
51138,1
51139,2
51140,1
51141,1
51142,3
51143,0
51144,3
51145,3
51146,1
51147,0
51148,4
51149,2
51150,3
51151,4
51152,3
51153,2
51154,2
51155,3
51156,4
51157,1
51158,2
51159,1
51160,2
51161,2
51162,3
51163,3
51164,2
51165,1
51166,1
51167,3
51168,2
51169,2
51170,2
51171,1
51172,3
51173,3
51174,1
51175,1
51176,1
51177,3
51178,3
51179,3
51180,0
51181,0
51182,2
51183,1
51184,1
51185,3
51186,2
51187,3
51188,0
51189,4
51190,1
51191,3
51192,1
51193,3
51194,3
51195,1
51196,0
51197,3
51198,3
51199,1
51200,3
51201,3
51202,2
51203,2
51204,1
51205,0
51206,4
51207,0
51208,3
51209,4
51210,0
51211,2
51212,2
51213,3
51214,4
51215,3
51216,1
51217,3
51218,0
51219,1
51220,3
51221,4
51222,1
51223,2
51224,3
51225,3
51226,3
51227,1
51228,3
51229,2
51230,1
51231,1
51232,4
51233,1
51234,1
51235,1
51236,1
51237,3
51238,1
51239,0
51240,1
51241,3
51242,3
51243,3
51244,3
51245,1
51246,1
51247,2
51248,3
51249,1
51250,1
51251,1
51252,1
51253,1
51254,2
51255,1
51256,1
51257,4
51258,3
51259,4
51260,2
51261,1
51262,2
51263,1
51264,3
51265,1
51266,1
51267,2
51268,4
51269,3
51270,3
51271,1
51272,3
51273,1
51274,2
51275,1
51276,3
51277,0
51278,3
51279,1
51280,2
51281,2
51282,3
51283,4
51284,0
51285,2
51286,0
51287,2
51288,1
51289,4
51290,1
51291,0
51292,2
51293,2
51294,1
51295,1
51296,2
51297,1
51298,3
51299,3
51300,1
51301,1
51302,4
51303,3
51304,4
51305,1
51306,3
51307,1
51308,3
51309,1
51310,1
51311,1
51312,3
51313,2
51314,1
51315,2
51316,3
51317,4
51318,3
51319,2
51320,1
51321,2
51322,0
51323,3
51324,1
51325,4
51326,0
51327,3
51328,2
51329,2
51330,3
51331,3
51332,3
51333,3
51334,3
51335,3
51336,1
51337,1
51338,2
51339,3
51340,1
51341,0
51342,2
51343,1
51344,3
51345,3
51346,4
51347,3
51348,2
51349,3
51350,0
51351,4
51352,1
51353,3
51354,3
51355,3
51356,3
51357,0
51358,3
51359,3
51360,1
51361,1
51362,0
51363,0
51364,1
51365,4
51366,3
51367,1
51368,4
51369,4
51370,3
51371,4
51372,2
51373,3
51374,1
51375,3
51376,2
51377,3
51378,0
51379,1
51380,1
51381,3
51382,2
51383,2
51384,3
51385,3
51386,2
51387,1
51388,3
51389,1
51390,3
51391,1
51392,1
51393,0
51394,3
51395,2
51396,3
51397,1
51398,1
51399,3
51400,1
51401,3
51402,3
51403,1
51404,3
51405,4
51406,3
51407,3
51408,3
51409,4
51410,1
51411,2
51412,1
51413,2
51414,2
51415,3
51416,1
51417,1
51418,2
51419,3
51420,1
51421,1
51422,3
51423,1
51424,2
51425,4
51426,3
51427,2
51428,0
51429,3
51430,2
51431,3
51432,1
51433,3
51434,1
51435,1
51436,2
51437,4
51438,1
51439,3
51440,3
51441,1
51442,1
51443,3
51444,2
51445,3
51446,0
51447,3
51448,3
51449,3
51450,3
51451,2
51452,3
51453,3
51454,1
51455,3
51456,0
51457,1
51458,1
51459,0
51460,2
51461,1
51462,1
51463,1
51464,1
51465,1
51466,2
51467,1
51468,1
51469,0
51470,2
51471,1
51472,2
51473,3
51474,3
51475,0
51476,3
51477,2
51478,1
51479,3
51480,3
51481,1
51482,3
51483,3
51484,1
51485,1
51486,4
51487,3
51488,3
51489,3
51490,2
51491,3
51492,3
51493,1
51494,4
51495,1
51496,3
51497,1
51498,2
51499,1
51500,2
51501,3
51502,2
51503,2
51504,0
51505,0
51506,1
51507,1
51508,1
51509,3
51510,0
51511,0
51512,1
51513,2
51514,1
51515,3
51516,2
51517,0
51518,1
51519,0
51520,2
51521,0
51522,1
51523,1
51524,2
51525,2
51526,3
51527,2
51528,1
51529,1
51530,1
51531,0
51532,3
51533,2
51534,1
51535,0
51536,2
51537,1
51538,1
51539,2
51540,2
51541,1
51542,3
51543,2
51544,2
51545,1
51546,3
51547,4
51548,4
51549,1
51550,4
51551,3
51552,2
51553,3
51554,3
51555,3
51556,1
51557,0
51558,3
51559,4
51560,1
51561,3
51562,3
51563,0
51564,3
51565,2
51566,3
51567,0
51568,1
51569,0
51570,2
51571,1
51572,4
51573,1
51574,1
51575,2
51576,3
51577,4
51578,2
51579,1
51580,2
51581,2
51582,0
51583,3
51584,2
51585,3
51586,2
51587,2
51588,4
51589,2
51590,4
51591,2
51592,1
51593,2
51594,1
51595,1
51596,1
51597,2
51598,1
51599,1
51600,3
51601,1
51602,2
51603,1
51604,1
51605,3
51606,1
51607,2
51608,2
51609,2
51610,2
51611,4
51612,0
51613,0
51614,4
51615,3
51616,3
51617,3
51618,2
51619,1
51620,3
51621,2
51622,1
51623,1
51624,1
51625,1
51626,3
51627,3
51628,2
51629,2
51630,3
51631,3
51632,3
51633,0
51634,4
51635,1
51636,0
51637,2
51638,1
51639,2
51640,1
51641,0
51642,2
51643,3
51644,1
51645,0
51646,2
51647,3
51648,0
51649,1
51650,1
51651,2
51652,0
51653,2
51654,2
51655,1
51656,4
51657,2
51658,3
51659,1
51660,3
51661,3
51662,4
51663,1
51664,4
51665,1
51666,2
51667,4
51668,3
51669,3
51670,4
51671,3
51672,1
51673,0
51674,4
51675,4
51676,3
51677,2
51678,1
51679,3
51680,1
51681,3
51682,1
51683,3
51684,3
51685,3
51686,3
51687,1
51688,3
51689,1
51690,1
51691,1
51692,1
51693,1
51694,1
51695,3
51696,3
51697,4
51698,1
51699,3
51700,3
51701,3
51702,4
51703,4
51704,3
51705,1
51706,1
51707,4
51708,1
51709,3
51710,1
51711,3
51712,1
51713,2
51714,4
51715,1
51716,4
51717,1
51718,0
51719,3
51720,3
51721,3
51722,3
51723,1
51724,3
51725,3
51726,4
51727,1
51728,1
51729,1
51730,2
51731,4
51732,3
51733,3
51734,3
51735,1
51736,1
51737,3
51738,2
51739,2
51740,1
51741,0
51742,1
51743,1
51744,2
51745,3
51746,4
51747,1
51748,4
51749,3
51750,1
51751,3
51752,1
51753,4
51754,0
51755,4
51756,4
51757,3
51758,4
51759,2
51760,1
51761,1
51762,0
51763,1
51764,4
51765,1
51766,3
51767,4
51768,4
51769,1
51770,1
51771,3
51772,3
51773,0
51774,3
51775,1
51776,2
51777,3
51778,2
51779,1
51780,2
51781,1
51782,3
51783,1
51784,2
51785,2
51786,3
51787,0
51788,2
51789,1
51790,2
51791,0
51792,1
51793,3
51794,3
51795,2
51796,2
51797,0
51798,4
51799,0
51800,2
51801,1
51802,1
51803,2
51804,2
51805,0
51806,3
51807,2
51808,4
51809,3
51810,3
51811,2
51812,3
51813,0
51814,3
51815,1
51816,2
51817,3
51818,2
51819,3
51820,1
51821,3
51822,3
51823,1
51824,1
51825,1
51826,2
51827,3
51828,0
51829,1
51830,3
51831,3
51832,3
51833,1
51834,4
51835,3
51836,3
51837,0
51838,3
51839,4
51840,2
51841,2
51842,3
51843,2
51844,3
51845,4
51846,1
51847,2
51848,3
51849,1
51850,2
51851,3
51852,4
51853,1
51854,4
51855,3
51856,4
51857,3
51858,1
51859,1
51860,2
51861,1
51862,0
51863,0
51864,2
51865,3
51866,1
51867,0
51868,0
51869,3
51870,2
51871,3
51872,2
51873,1
51874,3
51875,2
51876,1
51877,1
51878,3
51879,1
51880,3
51881,1
51882,1
51883,0
51884,2
51885,1
51886,4
51887,3
51888,3
51889,3
51890,3
51891,1
51892,0
51893,2
51894,4
51895,1
51896,2
51897,1
51898,1
51899,3
51900,1
51901,4
51902,3
51903,1
51904,4
51905,1
51906,1
51907,1
51908,0
51909,2
51910,4
51911,1
51912,4
51913,1
51914,3
51915,3
51916,3
51917,4
51918,2
51919,1
51920,1
51921,3
51922,1
51923,1
51924,1
51925,4
51926,2
51927,2
51928,3
51929,1
51930,1
51931,2
51932,4
51933,3
51934,4
51935,4
51936,3
51937,0
51938,1
51939,3
51940,3
51941,2
51942,0
51943,1
51944,1
51945,3
51946,3
51947,1
51948,0
51949,1
51950,0
51951,0
51952,4
51953,4
51954,1
51955,1
51956,2
51957,1
51958,0
51959,1
51960,3
51961,1
51962,3
51963,1
51964,0
51965,2
51966,1
51967,1
51968,2
51969,3
51970,3
51971,2
51972,2
51973,4
51974,1
51975,3
51976,1
51977,3
51978,1
51979,2
51980,0
51981,1
51982,0
51983,4
51984,4
51985,3
51986,0
51987,1
51988,2
51989,1
51990,0
51991,1
51992,3
51993,3
51994,1
51995,1
51996,3
51997,3
51998,0
51999,3
52000,4
52001,3
52002,0
52003,3
52004,1
52005,1
52006,1
52007,1
52008,2
52009,2
52010,1
52011,1
52012,0
52013,3
52014,1
52015,1
52016,1
52017,3
52018,0
52019,3
52020,3
52021,3
52022,3
52023,3
52024,2
52025,2
52026,3
52027,3
52028,2
52029,4
52030,2
52031,2
52032,1
52033,2
52034,1
52035,2
52036,3
52037,1
52038,0
52039,0
52040,2
52041,3
52042,3
52043,3
52044,1
52045,3
52046,1
52047,4
52048,3
52049,3
52050,3
52051,3
52052,1
52053,2
52054,4
52055,3
52056,1
52057,4
52058,3
52059,2
52060,1
52061,1
52062,1
52063,3
52064,1
52065,2
52066,1
52067,2
52068,4
52069,3
52070,3
52071,0
52072,1
52073,2
52074,3
52075,1
52076,3
52077,3
52078,2
52079,3
52080,3
52081,3
52082,0
52083,1
52084,2
52085,3
52086,1
52087,1
52088,3
52089,2
52090,1
52091,0
52092,3
52093,2
52094,1
52095,3
52096,3
52097,1
52098,1
52099,0
52100,3
52101,3
52102,1
52103,4
52104,1
52105,2
52106,1
52107,2
52108,1
52109,2
52110,1
52111,3
52112,0
52113,1
52114,1
52115,3
52116,2
52117,4
52118,0
52119,1
52120,3
52121,4
52122,2
52123,2
52124,1
52125,4
52126,3
52127,3
52128,0
52129,1
52130,3
52131,1
52132,3
52133,1
52134,0
52135,3
52136,1
52137,1
52138,1
52139,1
52140,2
52141,3
52142,1
52143,0
52144,0
52145,3
52146,3
52147,1
52148,3
52149,1
52150,3
52151,4
52152,1
52153,3
52154,2
52155,0
52156,1
52157,3
52158,0
52159,3
52160,4
52161,1
52162,1
52163,2
52164,0
52165,2
52166,2
52167,1
52168,3
52169,3
52170,2
52171,0
52172,3
52173,3
52174,3
52175,1
52176,2
52177,3
52178,1
52179,1
52180,1
52181,3
52182,2
52183,0
52184,2
52185,1
52186,3
52187,3
52188,3
52189,3
52190,2
52191,1
52192,2
52193,2
52194,3
52195,3
52196,3
52197,3
52198,0
52199,3
52200,3
52201,0
52202,1
52203,2
52204,3
52205,3
52206,1
52207,1
52208,1
52209,3
52210,3
52211,1
52212,1
52213,2
52214,1
52215,4
52216,3
52217,3
52218,4
52219,2
52220,1
52221,2
52222,3
52223,3
52224,2
52225,0
52226,3
52227,2
52228,1
52229,3
52230,4
52231,1
52232,1
52233,3
52234,3
52235,1
52236,1
52237,1
52238,0
52239,1
52240,3
52241,4
52242,3
52243,3
52244,3
52245,1
52246,1
52247,1
52248,2
52249,2
52250,3
52251,1
52252,1
52253,2
52254,1
52255,0
52256,2
52257,0
52258,3
52259,1
52260,2
52261,2
52262,2
52263,1
52264,1
52265,1
52266,1
52267,3
52268,3
52269,1
52270,3
52271,1
52272,1
52273,3
52274,1
52275,4
52276,4
52277,2
52278,2
52279,3
52280,1
52281,4
52282,3
52283,1
52284,3
52285,0
52286,3
52287,3
52288,3
52289,3
52290,2
52291,1
52292,4
52293,3
52294,1
52295,1
52296,1
52297,2
52298,3
52299,2
52300,3
52301,3
52302,3
52303,3
52304,2
52305,0
52306,2
52307,3
52308,0
52309,1
52310,1
52311,3
52312,1
52313,3
52314,0
52315,4
52316,4
52317,3
52318,1
52319,1
52320,1
52321,2
52322,3
52323,4
52324,3
52325,2
52326,3
52327,3
52328,4
52329,1
52330,0
52331,3
52332,4
52333,1
52334,1
52335,4
52336,1
52337,3
52338,1
52339,1
52340,1
52341,2
52342,4
52343,3
52344,3
52345,1
52346,3
52347,1
52348,2
52349,4
52350,1
52351,3
52352,0
52353,3
52354,1
52355,3
52356,3
52357,0
52358,2
52359,3
52360,1
52361,1
52362,1
52363,1
52364,4
52365,3
52366,3
52367,4
52368,3
52369,3
52370,2
52371,1
52372,1
52373,3
52374,1
52375,3
52376,1
52377,3
52378,3
52379,3
52380,2
52381,3
52382,0
52383,0
52384,4
52385,3
52386,0
52387,3
52388,3
52389,1
52390,2
52391,4
52392,3
52393,3
52394,4
52395,1
52396,3
52397,3
52398,4
52399,3
52400,0
52401,1
52402,1
52403,1
52404,2
52405,3
52406,1
52407,1
52408,3
52409,1
52410,0
52411,1
52412,2
52413,1
52414,1
52415,4
52416,3
52417,3
52418,0
52419,0
52420,3
52421,4
52422,0
52423,2
52424,0
52425,3
52426,1
52427,1
52428,1
52429,3
52430,4
52431,1
52432,2
52433,2
52434,1
52435,1
52436,3
52437,3
52438,3
52439,4
52440,0
52441,3
52442,3
52443,2
52444,3
52445,3
52446,3
52447,2
52448,2
52449,3
52450,4
52451,0
52452,0
52453,3
52454,4
52455,4
52456,1
52457,4
52458,1
52459,0
52460,3
52461,0
52462,2
52463,4
52464,3
52465,3
52466,4
52467,1
52468,3
52469,1
52470,3
52471,2
52472,4
52473,3
52474,1
52475,2
52476,4
52477,2
52478,1
52479,4
52480,1
52481,3
52482,3
52483,1
52484,3
52485,0
52486,3
52487,3
52488,3
52489,2
52490,3
52491,1
52492,2
52493,4
52494,2
52495,4
52496,1
52497,4
52498,2
52499,1
52500,1
52501,1
52502,1
52503,1
52504,0
52505,2
52506,2
52507,3
52508,1
52509,1
52510,3
52511,2
52512,1
52513,1
52514,2
52515,1
52516,2
52517,4
52518,0
52519,1
52520,3
52521,4
52522,1
52523,0
52524,4
52525,3
52526,4
52527,4
52528,3
52529,3
52530,2
52531,2
52532,2
52533,2
52534,2
52535,3
52536,3
52537,2
52538,3
52539,1
52540,0
52541,2
52542,1
52543,3
52544,1
52545,3
52546,1
52547,3
52548,4
52549,3
52550,3
52551,1
52552,3
52553,1
52554,1
52555,2
52556,3
52557,3
52558,2
52559,3
52560,0
52561,3
52562,1
52563,2
52564,1
52565,1
52566,1
52567,0
52568,1
52569,3
52570,0
52571,0
52572,1
52573,2
52574,2
52575,2
52576,1
52577,1
52578,3
52579,3
52580,4
52581,1
52582,3
52583,1
52584,3
52585,0
52586,2
52587,3
52588,2
52589,2
52590,4
52591,3
52592,4
52593,3
52594,0
52595,1
52596,1
52597,2
52598,3
52599,1
52600,3
52601,1
52602,1
52603,1
52604,1
52605,1
52606,2
52607,2
52608,1
52609,1
52610,3
52611,1
52612,4
52613,1
52614,3
52615,0
52616,1
52617,3
52618,2
52619,2
52620,0
52621,2
52622,0
52623,3
52624,2
52625,0
52626,2
52627,1
52628,1
52629,0
52630,4
52631,0
52632,1
52633,2
52634,3
52635,3
52636,1
52637,4
52638,1
52639,0
52640,4
52641,2
52642,2
52643,1
52644,4
52645,3
52646,2
52647,3
52648,0
52649,3
52650,4
52651,2
52652,0
52653,3
52654,1
52655,4
52656,2
52657,3
52658,2
52659,3
52660,1
52661,1
52662,0
52663,2
52664,1
52665,4
52666,2
52667,3
52668,2
52669,4
52670,1
52671,2
52672,1
52673,2
52674,0
52675,2
52676,1
52677,2
52678,1
52679,3
52680,3
52681,3
52682,2
52683,2
52684,3
52685,4
52686,0
52687,3
52688,1
52689,0
52690,3
52691,2
52692,3
52693,4
52694,3
52695,2
52696,0
52697,1
52698,4
52699,0
52700,1
52701,3
52702,0
52703,2
52704,2
52705,1
52706,3
52707,1
52708,0
52709,3
52710,1
52711,1
52712,2
52713,3
52714,2
52715,2
52716,4
52717,1
52718,4
52719,2
52720,4
52721,3
52722,2
52723,3
52724,1
52725,3
52726,2
52727,1
52728,0
52729,4
52730,3
52731,0
52732,3
52733,1
52734,1
52735,4
52736,3
52737,3
52738,3
52739,3
52740,1
52741,3
52742,3
52743,1
52744,1
52745,1
52746,1
52747,4
52748,2
52749,0
52750,3
52751,2
52752,2
52753,2
52754,4
52755,1
52756,3
52757,2
52758,0
52759,0
52760,1
52761,1
52762,1
52763,3
52764,3
52765,3
52766,2
52767,2
52768,2
52769,2
52770,2
52771,1
52772,4
52773,1
52774,4
52775,0
52776,4
52777,1
52778,3
52779,3
52780,1
52781,1
52782,3
52783,4
52784,3
52785,4
52786,3
52787,1
52788,3
52789,3
52790,3
52791,3
52792,4
52793,1
52794,1
52795,2
52796,3
52797,0
52798,4
52799,3
52800,1
52801,1
52802,0
52803,3
52804,3
52805,0
52806,1
52807,1
52808,1
52809,3
52810,1
52811,1
52812,2
52813,0
52814,1
52815,3
52816,3
52817,3
52818,0
52819,0
52820,3
52821,4
52822,1
52823,1
52824,4
52825,0
52826,1
52827,1
52828,0
52829,3
52830,2
52831,2
52832,1
52833,2
52834,2
52835,2
52836,1
52837,3
52838,2
52839,4
52840,1
52841,1
52842,2
52843,4
52844,1
52845,0
52846,1
52847,1
52848,2
52849,3
52850,2
52851,3
52852,4
52853,2
52854,1
52855,4
52856,3
52857,3
52858,0
52859,1
52860,4
52861,3
52862,0
52863,3
52864,4
52865,2
52866,3
52867,1
52868,1
52869,0
52870,0
52871,3
52872,3
52873,0
52874,1
52875,2
52876,4
52877,4
52878,1
52879,1
52880,2
52881,4
52882,1
52883,3
52884,1
52885,2
52886,3
52887,3
52888,1
52889,1
52890,0
52891,3
52892,1
52893,0
52894,1
52895,1
52896,2
52897,4
52898,3
52899,1
52900,2
52901,3
52902,3
52903,1
52904,3
52905,3
52906,1
52907,0
52908,2
52909,0
52910,3
52911,1
52912,0
52913,1
52914,3
52915,2
52916,3
52917,2
52918,2
52919,1
52920,3
52921,3
52922,1
52923,2
52924,1
52925,4
52926,3
52927,1
52928,4
52929,3
52930,2
52931,0
52932,2
52933,3
52934,1
52935,3
52936,1
52937,3
52938,2
52939,2
52940,4
52941,1
52942,3
52943,3
52944,3
52945,1
52946,3
52947,3
52948,2
52949,1
52950,1
52951,3
52952,3
52953,3
52954,3
52955,1
52956,1
52957,0
52958,2
52959,4
52960,1
52961,3
52962,4
52963,0
52964,3
52965,4
52966,3
52967,4
52968,3
52969,3
52970,3
52971,3
52972,1
52973,1
52974,3
52975,1
52976,3
52977,1
52978,2
52979,1
52980,4
52981,0
52982,1
52983,2
52984,2
52985,1
52986,1
52987,3
52988,1
52989,1
52990,4
52991,1
52992,0
52993,4
52994,0
52995,1
52996,3
52997,3
52998,2
52999,0
53000,3
53001,3
53002,3
53003,3
53004,3
53005,3
53006,1
53007,0
53008,3
53009,2
53010,2
53011,4
53012,1
53013,2
53014,1
53015,1
53016,0
53017,3
53018,3
53019,1
53020,3
53021,2
53022,3
53023,3
53024,1
53025,2
53026,2
53027,4
53028,2
53029,2
53030,1
53031,2
53032,2
53033,3
53034,1
53035,1
53036,1
53037,1
53038,2
53039,1
53040,1
53041,1
53042,3
53043,1
53044,1
53045,0
53046,3
53047,2
53048,3
53049,2
53050,0
53051,2
53052,1
53053,3
53054,1
53055,1
53056,0
53057,2
53058,2
53059,2
53060,0
53061,3
53062,1
53063,4
53064,1
53065,1
53066,1
53067,1
53068,1
53069,2
53070,4
53071,4
53072,3
53073,1
53074,4
53075,3
53076,4
53077,3
53078,4
53079,0
53080,2
53081,1
53082,1
53083,3
53084,1
53085,4
53086,2
53087,2
53088,4
53089,2
53090,1
53091,0
53092,4
53093,2
53094,3
53095,1
53096,3
53097,2
53098,2
53099,2
53100,1
53101,0
53102,2
53103,2
53104,2
53105,3
53106,2
53107,1
53108,3
53109,4
53110,1
53111,4
53112,0
53113,1
53114,0
53115,4
53116,1
53117,1
53118,0
53119,2
53120,3
53121,2
53122,2
53123,3
53124,0
53125,1
53126,0
53127,2
53128,1
53129,4
53130,4
53131,1
53132,2
53133,1
53134,1
53135,0
53136,2
53137,1
53138,2
53139,3
53140,3
53141,2
53142,2
53143,3
53144,2
53145,4
53146,1
53147,1
53148,1
53149,0
53150,3
53151,3
53152,4
53153,3
53154,0
53155,4
53156,2
53157,3
53158,0
53159,2
53160,0
53161,0
53162,3
53163,3
53164,3
53165,0
53166,3
53167,1
53168,1
53169,4
53170,1
53171,4
53172,2
53173,1
53174,2
53175,0
53176,3
53177,1
53178,4
53179,2
53180,1
53181,3
53182,4
53183,3
53184,2
53185,1
53186,3
53187,2
53188,1
53189,2
53190,1
53191,3
53192,3
53193,0
53194,1
53195,1
53196,4
53197,1
53198,3
53199,2
53200,1
53201,4
53202,3
53203,2
53204,1
53205,3
53206,3
53207,1
53208,0
53209,3
53210,0
53211,3
53212,1
53213,1
53214,3
53215,1
53216,1
53217,0
53218,0
53219,4
53220,2
53221,0
53222,3
53223,3
53224,4
53225,1
53226,0
53227,1
53228,1
53229,3
53230,1
53231,0
53232,4
53233,3
53234,3
53235,3
53236,1
53237,2
53238,2
53239,0
53240,2
53241,2
53242,4
53243,2
53244,3
53245,0
53246,2
53247,1
53248,3
53249,3
53250,0
53251,3
53252,1
53253,2
53254,4
53255,1
53256,2
53257,1
53258,1
53259,1
53260,0
53261,2
53262,2
53263,3
53264,1
53265,2
53266,1
53267,2
53268,1
53269,3
53270,1
53271,4
53272,4
53273,3
53274,3
53275,2
53276,2
53277,1
53278,0
53279,1
53280,2
53281,0
53282,4
53283,2
53284,3
53285,3
53286,3
53287,3
53288,1
53289,3
53290,2
53291,3
53292,0
53293,3
53294,0
53295,3
53296,2
53297,3
53298,3
53299,2
53300,1
53301,3
53302,3
53303,0
53304,2
53305,1
53306,0
53307,3
53308,0
53309,2
53310,3
53311,4
53312,1
53313,3
53314,0
53315,3
53316,0
53317,0
53318,3
53319,3
53320,3
53321,1
53322,0
53323,4
53324,2
53325,2
53326,3
53327,3
53328,3
53329,1
53330,1
53331,4
53332,3
53333,0
53334,1
53335,1
53336,1
53337,3
53338,3
53339,3
53340,1
53341,0
53342,2
53343,1
53344,4
53345,2
53346,1
53347,1
53348,3
53349,1
53350,3
53351,2
53352,4
53353,4
53354,2
53355,0
53356,1
53357,2
53358,3
53359,3
53360,1
53361,1
53362,3
53363,2
53364,1
53365,1
53366,4
53367,3
53368,1
53369,4
53370,2
53371,2
53372,3
53373,0
53374,0
53375,3
53376,3
53377,3
53378,2
53379,1
53380,2
53381,1
53382,3
53383,3
53384,3
53385,2
53386,1
53387,2
53388,2
53389,3
53390,0
53391,2
53392,1
53393,3
53394,0
53395,3
53396,1
53397,4
53398,1
53399,2
53400,1
53401,2
53402,1
53403,3
53404,1
53405,3
53406,1
53407,4
53408,3
53409,3
53410,4
53411,3
53412,1
53413,3
53414,3
53415,2
53416,3
53417,1
53418,2
53419,4
53420,4
53421,1
53422,3
53423,1
53424,0
53425,4
53426,3
53427,3
53428,3
53429,1
53430,3
53431,1
53432,3
53433,2
53434,3
53435,3
53436,2
53437,1
53438,3
53439,3
53440,1
53441,1
53442,4
53443,3
53444,1
53445,1
53446,3
53447,3
53448,3
53449,1
53450,0
53451,2
53452,2
53453,3
53454,1
53455,1
53456,4
53457,2
53458,3
53459,1
53460,2
