"Id","y"
"2000","0.109867277999806"
"2001","-0.552775940271933"
"2002","-0.101521468410384"
"2003","-0.374353347959234"
"2004","0.293529085861626"
"2005","0.22378157496966"
"2006","0.446951911847896"
"2007","-0.903652699738359"
"2008","-0.13569848333354"
"2009","0.0723396048500626"
"2010","0.0541098204155781"
"2011","-0.346061427942477"
"2012","-0.201790268856546"
"2013","0.194333479817531"
"2014","-0.455227154004623"
"2015","0.506306238643676"
"2016","0.111606567012887"
"2017","-0.14839446294566"
"2018","-0.509868954736393"
"2019","-0.117845601478468"
"2020","0.0741357444272472"
"2021","0.577530943436238"
"2022","-0.977209139385507"
"2023","-0.791148421940058"
"2024","0.0366073950625703"
"2025","-0.244194928542793"
"2026","-0.110018748832335"
"2027","-0.759049553426688"
"2028","-1.02609528121706"
"2029","-0.723993097504767"
"2030","-0.479710137943343"
"2031","0.22853613249548"
"2032","0.12472480363846"
"2033","-0.592864477122233"
"2034","0.459114314295012"
"2035","0.520112106447005"
"2036","0.450982485254678"
"2037","-0.419931004476876"
"2038","-0.589725775678667"
"2039","0.388372987078027"
"2040","0.440481004987691"
"2041","0.0294784615539199"
"2042","0.250561842774046"
"2043","0.391197491301076"
"2044","-0.519141034367463"
"2045","0.721082197230798"
"2046","0.942687247200466"
"2047","-0.841216131267043"
"2048","0.255517230064821"
"2049","-0.345507139865629"
"2050","0.341327860970657"
"2051","-1.07343139356915"
"2052","0.126426977336186"
"2053","-0.997596369085713"
"2054","-0.79061358561385"
"2055","0.0824986116522124"
"2056","-0.387685208517154"
"2057","0.269675391329001"
"2058","0.329089876633448"
"2059","0.351719080587167"
"2060","0.410057131541561"
"2061","0.0985628096074536"
"2062","0.0251911927537634"
"2063","-0.0830579213624885"
"2064","0.637244144820153"
"2065","0.111889247537237"
"2066","-0.846672753654619"
"2067","0.00892654479036326"
"2068","-0.80758101879732"
"2069","0.025218330171531"
"2070","-0.052337519659081"
"2071","-0.348211029785121"
"2072","0.466548414608977"
"2073","1.17229158382604"
"2074","0.26487327629516"
"2075","-0.270462625180721"
"2076","0.578637913226366"
"2077","0.088305983332241"
"2078","0.943160209291894"
"2079","0.895670318790803"
"2080","-1.24791879360659"
"2081","0.137034249520053"
"2082","-0.30284204245586"
"2083","-0.0441849734274327"
"2084","-0.36154107320885"
"2085","0.224138037239869"
"2086","0.757142598911274"
"2087","-0.149831564955432"
"2088","0.718595823382952"
"2089","-0.359014433329499"
"2090","-1.02918407777291"
"2091","-0.673062243562512"
"2092","-0.0662921157997879"
"2093","-0.0692322060932604"
"2094","0.148695335469393"
"2095","0.272383481850867"
"2096","-1.11148850657956"
"2097","0.405843277816975"
"2098","0.141262300157531"
"2099","0.590850142280349"
"2100","0.627429909949854"
"2101","0.433559017870576"
"2102","0.577000059315955"
"2103","-0.555286413216596"
"2104","0.566920842569643"
"2105","0.223690327729269"
"2106","-0.430251390740304"
"2107","0.334044840991463"
"2108","0.476791965305976"
"2109","-0.159142161885806"
"2110","1.25106053540756"
"2111","-0.0641953319335278"
"2112","0.908762589875696"
"2113","-0.086298085493394"
"2114","-0.0974458621408001"
"2115","0.56376142185109"
"2116","-1.5195908985815"
"2117","-0.0647731828866184"
"2118","-1.26388728447552"
"2119","0.474131181505287"
"2120","-0.571299921492125"
"2121","-0.189426344761503"
"2122","0.262392673761056"
"2123","0.856787142228665"
"2124","0.663759900333904"
"2125","0.889166288777119"
"2126","0.116760564825207"
"2127","-0.827245196683562"
"2128","1.04952215067181"
"2129","0.877458604509742"
"2130","0.214032161553792"
"2131","-0.777092329435533"
"2132","-0.671820950791937"
"2133","0.821406879382769"
"2134","0.760392049974615"
"2135","0.276432704634483"
"2136","-0.860734844389779"
"2137","0.336355079964376"
"2138","-0.0199258619843502"
"2139","0.14302247751516"
"2140","-0.0057360272547109"
"2141","0.597522263453275"
"2142","0.272178951701293"
"2143","0.385075427078033"
"2144","-0.260589292091352"
"2145","-0.484685523705755"
"2146","0.769030365849673"
"2147","0.337971564896476"
"2148","-0.879153079411845"
"2149","-0.165972932359239"
"2150","-0.579773910935596"
"2151","0.19170944753813"
"2152","0.00867112294447114"
"2153","0.0830115008033709"
"2154","-0.277626410977612"
"2155","-1.02542523181514"
"2156","0.339217298543923"
"2157","0.968756223887813"
"2158","0.830297931130064"
"2159","0.822660504532321"
"2160","-0.740813999411385"
"2161","-0.42334193002413"
"2162","0.15708858264583"
"2163","-0.00103590351923399"
"2164","-0.210026671213379"
"2165","0.445285912444172"
"2166","0.157683308061233"
"2167","-1.01353270920624"
"2168","-0.0427138971417828"
"2169","0.980154922869606"
"2170","0.219625357580144"
"2171","0.749738345796397"
"2172","-0.902132256952085"
"2173","-0.667632259038105"
"2174","-0.36095632828563"
"2175","-0.575082076389378"
"2176","-1.09673846714074"
"2177","0.607586437799341"
"2178","0.611001950915693"
"2179","0.490782939703606"
"2180","-0.980383741888119"
"2181","0.161556180004418"
"2182","-0.931105939338332"
"2183","0.852498593356544"
"2184","0.493563548726481"
"2185","-0.25769944266227"
"2186","0.257085232731497"
"2187","1.10514273354247"
"2188","0.428649894560869"
"2189","-0.322673456155415"
"2190","-0.0147122944556302"
"2191","-0.70144807480119"
"2192","0.572178519116058"
"2193","1.21202539138424"
"2194","-0.63465739214889"
"2195","0.0726932316022915"
"2196","-0.0193493671091357"
"2197","0.790823002074414"
"2198","-0.0364379960656553"
"2199","0.365786856199582"
"2200","0.597940553121864"
"2201","-1.08616335285223"
"2202","0.722716793854028"
"2203","0.746957565565213"
"2204","-1.03869162842835"
"2205","-0.0865156027524974"
"2206","-0.052962025946732"
"2207","0.091931075781164"
"2208","-0.237215429655369"
"2209","0.934524031709006"
"2210","-0.295315819355058"
"2211","-0.380017394206242"
"2212","0.21748093690523"
"2213","0.236870742137852"
"2214","-0.180189922479718"
"2215","-1.30283837401302"
"2216","0.404554829652888"
"2217","0.0858615355617867"
"2218","-0.924381975549675"
"2219","-0.59222368717754"
"2220","-0.240036156941445"
"2221","-0.805372905641411"
"2222","0.112743540377415"
"2223","0.190352788695394"
"2224","-0.967955599883154"
"2225","-0.0246825214133992"
"2226","0.614877086929154"
"2227","-0.318429555005"
"2228","0.191774893260239"
"2229","-0.669179468082256"
"2230","-0.631823517596989"
"2231","-0.602287857843099"
"2232","-0.255082910823298"
"2233","0.771583271618643"
"2234","0.0512101552405606"
"2235","0.134238311254888"
"2236","-0.818835038360195"
"2237","0.171001017243381"
"2238","-0.786269062996014"
"2239","0.98331349990067"
"2240","-0.0273743184539461"
"2241","0.259039087798591"
"2242","0.794278039710382"
"2243","-0.828571725278049"
"2244","0.856526556705129"
"2245","0.665897809688902"
"2246","0.160296337497419"
"2247","0.511238592037712"
"2248","-0.969228994679201"
"2249","0.399212779819451"
"2250","0.544681766730889"
"2251","0.81505227008466"
"2252","-0.733316838533413"
"2253","0.969456486551447"
"2254","0.53413112830227"
"2255","-0.50833854752686"
"2256","-0.156377855283794"
"2257","0.817530731716316"
"2258","-0.407909004315558"
"2259","-0.490594636445221"
"2260","1.1618202534199"
"2261","0.587397631310079"
"2262","-0.0596263424661301"
"2263","-0.32392229510413"
"2264","-0.326873981505397"
"2265","-0.354414667189804"
"2266","-0.522571908139507"
"2267","0.610245407378107"
"2268","-0.124409407686501"
"2269","-0.740433441088921"
"2270","0.134037085870121"
"2271","-1.19743385818385"
"2272","-0.80083863609931"
"2273","-0.726816042638684"
"2274","0.06852191569453"
"2275","0.841849360660813"
"2276","-0.229822070128532"
"2277","-0.163157104662096"
"2278","-1.07607863026196"
"2279","-0.102038993669948"
"2280","-0.141288183815992"
"2281","0.586069403799561"
"2282","0.675312804432956"
"2283","0.240646904317036"
"2284","0.4381623802489"
"2285","-0.00506324422622106"
"2286","-0.418593631804462"
"2287","-0.963638996270592"
"2288","0.136335072276876"
"2289","-0.31746177327909"
"2290","0.348977965903484"
"2291","-0.585210356073726"
"2292","-0.196460018952908"
"2293","0.449780093299548"
"2294","-0.289534427197208"
"2295","0.960992263312892"
"2296","-0.105946106493502"
"2297","0.393069244531528"
"2298","-0.0552332423583907"
"2299","-0.151517893459792"
"2300","0.775804284270589"
"2301","0.183995757881674"
"2302","-0.453897890806715"
"2303","0.549722148891326"
"2304","0.334581266802653"
"2305","0.124093107652945"
"2306","0.103106773600649"
"2307","0.143446928816229"
"2308","0.481432146252055"
"2309","0.492707786922074"
"2310","0.0506838641935232"
"2311","-0.911184712751519"
"2312","-0.144180880692323"
"2313","0.12783535936571"
"2314","0.69908688987085"
"2315","0.897011365798992"
"2316","-0.542934434775664"
"2317","0.659029170464756"
"2318","-0.673745092479951"
"2319","-1.34293239250731"
"2320","-0.481888672336402"
"2321","-0.466746434584573"
"2322","-0.200670332481168"
"2323","-0.064439922827805"
"2324","-0.00901018387122643"
"2325","0.424906384553723"
"2326","0.320296891683563"
"2327","0.00419449068653299"
"2328","-0.604218941113416"
"2329","0.93883605389168"
"2330","0.506072291638269"
"2331","0.390690905420064"
"2332","0.357180459114662"
"2333","0.991665393239403"
"2334","0.711058349742427"
"2335","-0.0303732353576859"
"2336","-0.177632776879075"
"2337","-0.166087016017019"
"2338","0.0343795704860708"
"2339","-0.0916691912364326"
"2340","-0.123377404275871"
"2341","0.574886163041654"
"2342","-0.841131302230691"
"2343","-0.843639868825832"
"2344","0.751317100186762"
"2345","-0.681918687702798"
"2346","0.615442467676304"
"2347","0.34249077903213"
"2348","0.218375693134026"
"2349","1.13948906651994"
"2350","0.929083246892189"
"2351","0.759607872048362"
"2352","-0.274380582675631"
"2353","-0.0581255207328155"
"2354","-0.193939320488257"
"2355","-0.705410951944525"
"2356","-0.177235164886572"
"2357","0.0807505419040131"
"2358","0.114991291441951"
"2359","0.927395242499943"
"2360","0.523194052644525"
"2361","-0.596649852277923"
"2362","-0.501636425662204"
"2363","-0.523137280639975"
"2364","-0.461226814480356"
"2365","-0.704991773706662"
"2366","-0.0595468769100159"
"2367","-0.774135138370579"
"2368","-0.572364869623783"
"2369","-0.593891527861949"
"2370","-0.144585499487568"
"2371","0.895801505044056"
"2372","-0.0802097020857558"
"2373","-0.511318830810616"
"2374","0.366741228390619"
"2375","0.138596527770523"
"2376","0.191929486148769"
"2377","0.93490948226755"
"2378","-0.443900008963767"
"2379","0.00881906395817866"
"2380","1.16021498112951"
"2381","0.742289267053409"
"2382","0.346879616844211"
"2383","0.206831702414734"
"2384","-0.60526263254051"
"2385","0.595689014377004"
"2386","-0.319435451418443"
"2387","-0.356907325288143"
"2388","-0.567548507387297"
"2389","0.475248130996708"
"2390","-0.106721986005093"
"2391","0.543522882603192"
"2392","0.141617444159949"
"2393","-0.0958288964449412"
"2394","1.29231131635645"
"2395","-0.21801356794824"
"2396","0.622297282215822"
"2397","-0.415696787885488"
"2398","-1.30631700360598"
"2399","-1.3618204245475"
"2400","-0.503759807407289"
"2401","-0.961160282915107"
"2402","0.317480985577322"
"2403","0.00969519801611107"
"2404","-0.057871086152038"
"2405","0.254171612209983"
"2406","0.00371884933160582"
"2407","0.801966040889166"
"2408","-0.767184765194843"
"2409","-0.169666357258013"
"2410","-0.199083907854915"
"2411","-0.225395500267755"
"2412","-0.769474195417173"
"2413","0.329589890890034"
"2414","0.438543932349181"
"2415","-1.04431963139502"
"2416","-0.384790645263324"
"2417","0.418546937961868"
"2418","0.614355166539435"
"2419","-0.863989584187399"
"2420","-0.199553303827761"
"2421","0.367254589049842"
"2422","0.239003638946685"
"2423","-0.802153950332866"
"2424","-0.203907808848974"
"2425","0.797368793348312"
"2426","0.717372570781645"
"2427","-0.130078931899747"
"2428","-0.427768496009361"
"2429","0.879192823184656"
"2430","0.557301636987452"
"2431","-0.310086229136675"
"2432","-1.06225838809262"
"2433","0.92015215950775"
"2434","0.853284908830963"
"2435","0.483302838503997"
"2436","0.202471027652837"
"2437","0.205808601031265"
"2438","0.147144003367726"
"2439","-0.102713468420502"
"2440","-0.0659200477139528"
"2441","0.36210469797006"
"2442","0.477794123269413"
"2443","0.539153191072327"
"2444","-0.250852207279011"
"2445","0.530129048008892"
"2446","0.0760951746786764"
"2447","0.831254994490533"
"2448","-0.082460686257753"
"2449","-0.558784381704314"
"2450","-0.523589830051421"
"2451","-0.669200094011147"
"2452","-1.17554748970742"
"2453","0.682610213026371"
"2454","-0.798056598308286"
"2455","0.624725521190265"
"2456","-1.16679167374566"
"2457","-0.272088421849722"
"2458","0.401694250931776"
"2459","-0.0670199359796187"
"2460","-1.03389051747075"
"2461","-0.318409383157055"
"2462","-0.940942385806172"
"2463","-0.638970223133578"
"2464","0.546388443625422"
"2465","0.087876140941064"
"2466","-0.0269437447407511"
"2467","0.540959604806899"
"2468","-0.00827636632196116"
"2469","0.234759973841653"
"2470","0.111474736083487"
"2471","0.160717138351161"
"2472","0.876148430470541"
"2473","0.489642510515551"
"2474","0.495052784326938"
"2475","0.0152092153341372"
"2476","-0.964408192856838"
"2477","-0.881872737903665"
"2478","-0.107918319886863"
"2479","-1.25290301475984"
"2480","-0.0467043982767125"
"2481","-0.163235149772715"
"2482","0.702713067420646"
"2483","0.998714048627415"
"2484","-0.760101952117959"
"2485","-1.1291865228116"
"2486","-0.00850493813058251"
"2487","-0.394138081330303"
"2488","-0.900538960275611"
"2489","0.965911713601832"
"2490","0.489315273651773"
"2491","-1.61965608733807"
"2492","0.374414325887539"
"2493","0.0394797881411624"
"2494","-0.184433265797386"
"2495","-0.332332952661224"
"2496","-0.0774522334646681"
"2497","-0.254200838664885"
"2498","0.437505262646877"
"2499","0.408900543160249"
"2500","0.419910744823625"
"2501","-0.0443822366133917"
"2502","0.822237774465526"
"2503","-0.393460823189464"
"2504","0.0899403531186675"
"2505","0.859014187633317"
"2506","0.35667339492103"
"2507","-0.483888128184728"
"2508","-0.676975660473344"
"2509","0.313464000629352"
"2510","-0.0713693213328132"
"2511","-0.165182630521347"
"2512","0.199896016685611"
"2513","0.580369931236972"
"2514","-0.280980930988635"
"2515","0.659653638707904"
"2516","0.318378172089618"
"2517","-0.163401837093427"
"2518","0.22470121909502"
"2519","0.694812976690484"
"2520","0.439332812575022"
"2521","-0.998799618338425"
"2522","-0.927748274161013"
"2523","-0.0519694699698502"
"2524","-1.46000346596617"
"2525","-0.0869769247592529"
"2526","0.673429956357384"
"2527","1.55850676144867"
"2528","0.105198115878618"
"2529","-0.0418531499802692"
"2530","-0.330498311001604"
"2531","1.02969981643076"
"2532","-0.644243469295163"
"2533","0.622137726522842"
"2534","-0.0881836842141851"
"2535","0.330949662090264"
"2536","0.0747261623563"
"2537","0.80569501283069"
"2538","0.614117638373988"
"2539","0.540587276780039"
"2540","0.998789636298616"
"2541","0.256695952276059"
"2542","-1.14293891565091"
"2543","-0.397734077961441"
"2544","0.966192184665611"
"2545","0.359365298939936"
"2546","-0.362508579917541"
"2547","0.559579566695215"
"2548","-0.154016847195974"
"2549","0.205912156626029"
"2550","0.0276853186765038"
"2551","-0.444115087208227"
"2552","-0.642950139911168"
"2553","-0.107652811844996"
"2554","1.25545746152266"
"2555","0.428135994678104"
"2556","0.23994378270157"
"2557","-0.838529263243167"
"2558","-0.982135244216213"
"2559","0.805955724590355"
"2560","-0.122296995173065"
"2561","0.104809992737228"
"2562","-0.234758431980332"
"2563","0.0900735481098303"
"2564","-0.870483450301545"
"2565","0.0711130386158179"
"2566","0.559090502639482"
"2567","0.487407630579163"
"2568","0.403654126426359"
"2569","-0.388181918273957"
"2570","-0.626143720255851"
"2571","0.507012449928309"
"2572","0.657261592886025"
"2573","-0.387067916177354"
"2574","0.513168958175823"
"2575","-0.802810815343954"
"2576","-0.0115790587643879"
"2577","-0.407977208975549"
"2578","0.393962280220017"
"2579","-0.127043146764441"
"2580","-0.965511337071993"
"2581","0.323786052139523"
"2582","0.830949368196985"
"2583","0.422368249775294"
"2584","0.219905542689821"
"2585","0.296844200449161"
"2586","1.17909273055885"
"2587","0.639585883492154"
"2588","-0.979524317755983"
"2589","-0.103554961622974"
"2590","-0.676243844591135"
"2591","-1.26805486489518"
"2592","-0.667981770585625"
"2593","0.931278129706065"
"2594","0.367603415449679"
"2595","0.669635505739577"
"2596","-0.236403043950072"
"2597","0.818823566369543"
"2598","-0.313230465669923"
"2599","0.448577880184432"
"2600","0.72292239411142"
"2601","-0.99368294514167"
"2602","-0.548670853552845"
"2603","0.448737592719667"
"2604","-0.675495791380486"
"2605","-0.997521323916872"
"2606","0.530500962469486"
"2607","-0.570232117384121"
"2608","0.501290191852705"
"2609","0.45932750217292"
"2610","0.20419386368799"
"2611","0.922073268738921"
"2612","-0.853633960358098"
"2613","0.578665333264265"
"2614","-1.04119887404719"
"2615","-0.34870730609019"
"2616","0.807524371994394"
"2617","0.823945093138774"
"2618","0.26143550875669"
"2619","0.778002464370735"
"2620","-0.789677509241469"
"2621","0.702624206448324"
"2622","-0.459356205291178"
"2623","1.01289235177426"
"2624","0.72630075616618"
"2625","0.453766942454592"
"2626","-0.404533749774527"
"2627","0.350813771141472"
"2628","0.0650268641638712"
"2629","-1.00943556930991"
"2630","0.48233259148912"
"2631","-1.27311634793074"
"2632","0.182618942806274"
"2633","0.414402411300225"
"2634","-0.759298371421049"
"2635","-0.564297265689382"
"2636","-0.262338009806601"
"2637","0.574188699701677"
"2638","0.765474735532586"
"2639","0.222198219952003"
"2640","-0.820152425993188"
"2641","0.417032071533983"
"2642","-0.0247507569296564"
"2643","0.420131291638511"
"2644","0.0566358971247594"
"2645","0.336200689092878"
"2646","-0.623922973422691"
"2647","0.689057267843193"
"2648","0.299864897803287"
"2649","0.962254469607406"
"2650","0.795843147290311"
"2651","-1.40566168961616"
"2652","0.0725912623217528"
"2653","-0.737545293488752"
"2654","0.301420441722665"
"2655","0.337454125564657"
"2656","-0.0838699560499989"
"2657","-0.852721578308275"
"2658","-0.122678900473403"
"2659","0.742898888242646"
"2660","0.892516754479574"
"2661","-0.719082149676588"
"2662","-0.605428344700238"
"2663","-0.0790488546579797"
"2664","1.02104067933303"
"2665","-0.155126862462074"
"2666","-0.3923498276879"
"2667","0.545121535417954"
"2668","-1.30006766838943"
"2669","-0.327251851779968"
"2670","-0.187520106901487"
"2671","-0.400863268571254"
"2672","0.229364247422611"
"2673","0.651420725939424"
"2674","-0.278497420604815"
"2675","-0.620658380350625"
"2676","0.527783540858111"
"2677","0.320094875077221"
"2678","0.506868013034524"
"2679","-0.0155206251625726"
"2680","0.296284648079979"
"2681","-0.71954569283071"
"2682","0.714336858995126"
"2683","-0.920083396321223"
"2684","-0.475793997463142"
"2685","0.163944620767208"
"2686","0.812108529239884"
"2687","0.264041582120013"
"2688","0.0582035745982099"
"2689","-1.2249568949326"
"2690","0.523410106624257"
"2691","-0.177673383193268"
"2692","0.610916347748323"
"2693","0.403426186588033"
"2694","-1.02347353797435"
"2695","0.588567037703345"
"2696","-0.312066222806241"
"2697","0.598101679937138"
"2698","-0.912303804648154"
"2699","0.440429577521566"
"2700","0.329913112662397"
"2701","-0.577997719711549"
"2702","0.947030684265828"
"2703","0.686637843533479"
"2704","0.306101017371241"
"2705","-0.378026224487995"
"2706","0.599892975874485"
"2707","-0.27885079774678"
"2708","0.41271168083788"
"2709","-1.21100797762102"
"2710","-0.539368662817714"
"2711","0.61969380192262"
"2712","0.0392616941125357"
"2713","0.155931724559376"
"2714","0.490545059278986"
"2715","-0.123743422293984"
"2716","0.855932209437732"
"2717","-0.0959962141871615"
"2718","0.477097355112766"
"2719","0.534726283808606"
"2720","0.627339448224639"
"2721","-0.429499211078384"
"2722","-0.224355846154042"
"2723","0.95337097116378"
"2724","0.0263797913375572"
"2725","-0.0268549348323719"
"2726","0.60792279166461"
"2727","-1.44997961678607"
"2728","-0.264511605025981"
"2729","0.476578081920628"
"2730","-1.00733632635992"
"2731","-0.374999604481093"
"2732","0.837264936800411"
"2733","-1.09247237590195"
"2734","0.549568369135469"
"2735","1.01402112436454"
"2736","-0.271593402326836"
"2737","-0.416233090218132"
"2738","0.292116054350303"
"2739","0.149241360871622"
"2740","0.50316897533043"
"2741","0.0409549900456281"
"2742","0.190549930038839"
"2743","-0.192006313610585"
"2744","0.598516956068858"
"2745","0.416818263241656"
"2746","-1.46066000664663"
"2747","-0.241401061753008"
"2748","-0.593074146614156"
"2749","0.875724436147074"
"2750","-0.73683174077668"
"2751","0.0753917162355111"
"2752","0.00517476231858627"
"2753","0.834385012631136"
"2754","-0.14970443947515"
"2755","0.125404468331341"
"2756","0.733473643079595"
"2757","-0.50344655866073"
"2758","-0.530116318738879"
"2759","0.654015179456003"
"2760","-0.00217483199923563"
"2761","0.128605231941918"
"2762","-0.207187234626229"
"2763","-0.204831175174013"
"2764","-0.438526305559009"
"2765","0.556900140454001"
"2766","-0.421607937040592"
"2767","0.491752282628215"
"2768","1.02336710868595"
"2769","-0.771168669475242"
"2770","0.750577422210666"
"2771","0.553359033250199"
"2772","-1.44027652895051"
"2773","-0.645422914390309"
"2774","-0.125425334813784"
"2775","-0.63737115742098"
"2776","-0.22484780737273"
"2777","-1.09189355478422"
"2778","-0.142234542154075"
"2779","-0.252407647527836"
"2780","-0.423727805983975"
"2781","1.03224021893648"
"2782","0.690042030979858"
"2783","0.57294468960258"
"2784","0.0351910797645651"
"2785","-0.0911563987592214"
"2786","-0.585684494127663"
"2787","0.221393681618697"
"2788","0.112199675381963"
"2789","-0.0257015113521224"
"2790","-0.436441991797276"
"2791","-0.0897025527689548"
"2792","-0.210450081304692"
"2793","0.236206002200028"
"2794","-0.354274149684507"
"2795","0.968180923493869"
"2796","-0.287774401795324"
"2797","-0.432501327018673"
"2798","-1.65324401283091"
"2799","0.102081642965855"
"2800","-0.786715210139748"
"2801","-0.965896807099091"
"2802","0.621965416715756"
"2803","-0.61483616283211"
"2804","0.929742129015308"
"2805","-0.182634725835849"
"2806","0.0654844894622357"
"2807","0.761046245873874"
"2808","-1.23191153945289"
"2809","0.665399346437799"
"2810","0.204044931491916"
"2811","-1.26834753270234"
"2812","0.595253367118589"
"2813","1.03990612865298"
"2814","0.493439378866585"
"2815","-0.164877756612425"
"2816","-1.17045409410102"
"2817","0.385214024925554"
"2818","-0.846798466044908"
"2819","0.899848630697955"
"2820","-0.199367224647873"
"2821","-0.491426369579902"
"2822","-0.944734871795778"
"2823","0.103616298327079"
"2824","-0.548815022156951"
"2825","0.667518763735404"
"2826","-0.76820440247248"
"2827","0.0679563476311724"
"2828","-0.25874882376324"
"2829","0.386111307935451"
"2830","-0.233196888601866"
"2831","0.534581998398557"
"2832","-1.0477449275533"
"2833","1.04363506201259"
"2834","-0.20451247158025"
"2835","-0.916504396759843"
"2836","1.3174686639592"
"2837","-0.0124768104068641"
"2838","-0.223368447862521"
"2839","0.85477851145889"
"2840","-0.367692970270951"
"2841","0.140349491347374"
"2842","-0.103831810190664"
"2843","-0.052603210892442"
"2844","0.812913252091851"
"2845","-0.903061191862189"
"2846","0.0565987814594138"
"2847","0.0617280844187262"
"2848","0.70067048280854"
"2849","0.0375703171390613"
"2850","0.266126528886291"
"2851","0.229500294857276"
"2852","-0.208541779602014"
"2853","0.96653218901347"
"2854","-0.269974485672558"
"2855","-0.0523838138255311"
"2856","0.205207064809687"
"2857","-0.985961628369228"
"2858","-0.0971576777783167"
"2859","0.780756855961516"
"2860","-0.297644868902649"
"2861","0.194566717168779"
"2862","0.34562017695557"
"2863","0.177803162364309"
"2864","0.0188526970952272"
"2865","0.256471408193147"
"2866","-0.09186759372829"
"2867","-0.969570239197203"
"2868","-0.105315311872939"
"2869","0.243322172130379"
"2870","-0.0965183822137983"
"2871","-0.388290675909149"
"2872","-0.273452445168325"
"2873","1.36669589114137"
"2874","-0.710317289466543"
"2875","0.697748860726456"
"2876","-0.0023932333866673"
"2877","0.257387364688793"
"2878","-0.757282637585624"
"2879","0.262105117652034"
"2880","0.0231707048845697"
"2881","-1.1710174724024"
"2882","0.14240188550816"
"2883","-0.0350074035932119"
"2884","-0.327825674318953"
"2885","-0.049291395917719"
"2886","-0.112011748998494"
"2887","0.0987208864497835"
"2888","-0.495535754747673"
"2889","0.0784548506892038"
"2890","-0.805960984560931"
"2891","-0.241851134121009"
"2892","-0.803189328418307"
"2893","-0.284269011857556"
"2894","-0.0760380143193816"
"2895","0.793610648642934"
"2896","0.460957415228213"
"2897","0.0483432327601916"
"2898","0.938941097814565"
"2899","-0.602688084450587"
"2900","-1.24847080376674"
"2901","-0.496817476604376"
"2902","-0.590254732782119"
"2903","-0.0477279849494078"
"2904","0.00694685555066665"
"2905","-0.138500202937586"
"2906","0.117051003192615"
"2907","0.0397934742586801"
"2908","-0.789573326849135"
"2909","-0.390076320407386"
"2910","-0.518028343614306"
"2911","0.0874089021029822"
"2912","1.06307418745582"
"2913","0.930929251373128"
"2914","-0.484580217636459"
"2915","-0.633212500656849"
"2916","0.108840293648292"
"2917","-0.790784103964699"
"2918","0.497056869209029"
"2919","-0.946016133308604"
"2920","-0.215310326286358"
"2921","0.144471961563758"
"2922","0.048676586480793"
"2923","-0.441929516696803"
"2924","0.40418779596077"
"2925","0.394450797210133"
"2926","-0.14466158328073"
"2927","0.0960890297398787"
"2928","0.692706635170478"
"2929","-0.291313984705437"
"2930","-0.121357772636954"
"2931","-0.639974253838649"
"2932","-1.38112375287019"
"2933","0.872733562014413"
"2934","0.915631394687205"
"2935","0.332884509802658"
"2936","0.995983947331682"
"2937","-0.0924289404400132"
"2938","0.0302838056381398"
"2939","0.164989152065992"
"2940","0.751330985059531"
"2941","-0.388995928329657"
"2942","0.224933573341171"
"2943","0.49584037945955"
"2944","-0.829233788144597"
"2945","0.313045131558734"
"2946","-1.45146784084191"
"2947","0.673418759699581"
"2948","0.441592170052377"
"2949","0.81284277013032"
"2950","-0.0625636515301335"
"2951","-0.709014533982897"
"2952","0.481641376632184"
"2953","-1.240152603577"
"2954","0.524391497241763"
"2955","0.0661097486314017"
"2956","0.0833547426461649"
"2957","0.51183724763132"
"2958","-0.366530040618489"
"2959","0.234358603103502"
"2960","0.212692227833607"
"2961","0.514466557895262"
"2962","0.26249190527703"
"2963","0.0248880150355268"
"2964","0.0192365785715809"
"2965","-1.26254937972301"
"2966","-0.551517164879647"
"2967","-0.320249104418605"
"2968","0.303372270103182"
"2969","-0.0142466738784115"
"2970","0.0991121376665187"
"2971","-0.760917473504869"
"2972","0.403420186508895"
"2973","0.736405362582218"
"2974","0.261508596760734"
"2975","0.154876750443673"
"2976","0.0656159355571104"
"2977","-0.698005814611477"
"2978","-0.265718079705272"
"2979","-0.479748450436962"
"2980","0.149597328975584"
"2981","0.0262743101616987"
"2982","-0.599989773262551"
"2983","-0.296196465672247"
"2984","0.462075480826889"
"2985","-0.0945453988101863"
"2986","0.840669736973662"
"2987","-0.147548471835641"
"2988","-1.17160394078535"
"2989","0.63872893323214"
"2990","-1.09916154417371"
"2991","-1.04964538104039"
"2992","-0.840669357002958"
"2993","0.437588304111512"
"2994","0.402304918853193"
"2995","-0.663708647552587"
"2996","0.045242825897793"
"2997","-0.390347291007814"
"2998","-0.243124543773061"
"2999","0.768920028094746"
"3000","-1.17736296357698"
"3001","-0.305136257085805"
"3002","0.782910312214795"
"3003","-0.104430730557482"
"3004","-0.292318066551589"
"3005","0.382641616003976"
"3006","-0.618968246994187"
"3007","-0.00779187581446861"
"3008","-0.132930018984082"
"3009","-0.3428628342917"
"3010","0.106562144501695"
"3011","0.23442204848884"
"3012","-0.316452275344137"
"3013","-0.111006333892932"
"3014","-0.542618991680012"
"3015","0.968185660003698"
"3016","-0.844435471814495"
"3017","0.180419169448218"
"3018","-0.411174619883948"
"3019","0.912288229220125"
"3020","0.388765391601045"
"3021","-0.83839462590471"
"3022","0.477100916806084"
"3023","-0.244366093712308"
"3024","1.20001055603588"
"3025","-1.04624114715951"
"3026","0.15412210770493"
"3027","-1.28990105055048"
"3028","-0.641279895362967"
"3029","-0.756697150055696"
"3030","-0.460575440771322"
"3031","-0.22262062900244"
"3032","0.197439568340476"
"3033","0.328482011374253"
"3034","0.240084001384718"
"3035","-1.0650433129576"
"3036","-0.00368432975730504"
"3037","-0.0913141172466257"
"3038","-0.842117957615151"
"3039","0.178002674784291"
"3040","-0.127583758642068"
"3041","-1.20134513058906"
"3042","0.358196350176728"
"3043","0.47371408363774"
"3044","1.32493620168182"
"3045","0.850236013290711"
"3046","-0.260444517426277"
"3047","0.885160436511865"
"3048","0.559178440009241"
"3049","0.387564495712114"
"3050","0.241258940037512"
"3051","-0.0152451013245815"
"3052","-0.363961398944236"
"3053","-0.221134384314854"
"3054","0.434146778286953"
"3055","0.09599873280753"
"3056","0.63412106039873"
"3057","0.869752148816961"
"3058","0.27694172972704"
"3059","0.559289062939029"
"3060","-0.610990166180366"
"3061","0.22131602541053"
"3062","0.762074519192269"
"3063","-0.234342509051944"
"3064","0.818400339818466"
"3065","0.194801701609831"
"3066","-0.333297553705449"
"3067","-1.18155540764631"
"3068","-0.297735460694536"
"3069","0.476984347584743"
"3070","0.700495850111313"
"3071","0.0671734830196855"
"3072","0.634869131982484"
"3073","-0.51622083506436"
"3074","0.204408282074881"
"3075","-0.569498301155491"
"3076","0.879983136156998"
"3077","-0.881641736363179"
"3078","0.794230779668968"
"3079","-0.805007019701935"
"3080","-0.251688827961974"
"3081","-0.595380127292098"
"3082","-0.0465911877365198"
"3083","0.362831511676358"
"3084","-0.034927868549245"
"3085","0.180006255655544"
"3086","1.16597407611105"
"3087","-0.291648798971951"
"3088","0.0493311120870774"
"3089","0.49774911591849"
"3090","-0.754848508422897"
"3091","0.85153731415156"
"3092","-0.0180073047092479"
"3093","-0.440961199924741"
"3094","-0.778808979023096"
"3095","0.448910878811422"
"3096","0.490845503928938"
"3097","-0.203131662458069"
"3098","-0.963117200907559"
"3099","-0.822227227399467"
"3100","-0.992624435014569"
"3101","-0.642703519523038"
"3102","0.00909633342107452"
"3103","0.0877493509649012"
"3104","0.466710409218019"
"3105","-0.311130924755988"
"3106","-0.438947040374446"
"3107","-0.224354328597205"
"3108","0.0998159528731828"
"3109","-0.0582691080126093"
"3110","0.436145024737935"
"3111","0.451490002487232"
"3112","-0.890092356706957"
"3113","-0.745194231913085"
"3114","-0.578093869581557"
"3115","-0.631673962566164"
"3116","-1.01973985234451"
"3117","0.87044761653955"
"3118","0.272079330305143"
"3119","-0.0604443209697478"
"3120","0.00624575685756734"
"3121","0.0815646181511382"
"3122","-0.342300681009015"
"3123","-1.10761845202892"
"3124","-0.0430616486930652"
"3125","0.734177698168198"
"3126","0.136737282398355"
"3127","-1.35029608531554"
"3128","-0.262074100235488"
"3129","-0.0658996927738414"
"3130","-0.278423902272815"
"3131","0.179067121232242"
"3132","-0.186413245540212"
"3133","0.180720467432122"
"3134","0.605854959692671"
"3135","0.752574246158219"
"3136","0.771643473450127"
"3137","0.929715396136094"
"3138","-0.740541143871218"
"3139","-0.0655279667397998"
"3140","-1.14928699124865"
"3141","0.0984440339148287"
"3142","0.00415333851542043"
"3143","0.698170109110862"
"3144","-0.369601122012185"
"3145","0.125110695049202"
"3146","0.42435230279148"
"3147","-0.85020873151753"
"3148","0.233910341425313"
"3149","-1.13055546439889"
"3150","0.32312652011234"
"3151","-0.131888409843412"
"3152","-1.16248041379654"
"3153","0.342267963236179"
"3154","-0.316732277345545"
"3155","1.04215549264067"
"3156","0.261273566732779"
"3157","-0.121189635545592"
"3158","-0.693166741082932"
"3159","0.392028718501263"
"3160","-1.34136000193648"
"3161","-0.456435348034691"
"3162","0.62181703477416"
"3163","0.101374018633805"
"3164","-0.184479659740925"
"3165","0.114399694533858"
"3166","-0.377202462311024"
"3167","-0.621360917624811"
"3168","0.884587770806524"
"3169","-0.168518425531096"
"3170","0.0192445388608444"
"3171","-0.0204689750772316"
"3172","0.209467912016359"
"3173","-1.13138644758858"
"3174","-0.0713635409735796"
"3175","0.258475992464097"
"3176","-0.7954199438106"
"3177","0.973163131932256"
"3178","-0.57534617929666"
"3179","0.616424375597472"
"3180","-0.479946878623714"
"3181","-0.546382267215074"
"3182","-0.892769987114505"
"3183","0.123001743342245"
"3184","0.939864446320215"
"3185","-0.779520804997266"
"3186","0.585420706001599"
"3187","-0.892039154025345"
"3188","-0.298582827064824"
"3189","0.554710187448939"
"3190","0.139216867333722"
"3191","0.426166419004083"
"3192","1.08378397705642"
"3193","-0.0851031984934716"
"3194","0.0279646865169665"
"3195","0.55616046211719"
"3196","0.348284684252253"
"3197","0.411028075724632"
"3198","-0.162060502765659"
"3199","0.179188713912125"
"3200","0.559350671895156"
"3201","-0.682523659621972"
"3202","-0.914615911087489"
"3203","-1.07938450239014"
"3204","1.12434578227991"
"3205","0.70838079853536"
"3206","-0.192570572419846"
"3207","-0.551806658510181"
"3208","0.799692127076178"
"3209","-0.449268289689931"
"3210","0.202813356652581"
"3211","0.254049452153908"
"3212","0.120122246840445"
"3213","-0.98221128719741"
"3214","-1.08289760275955"
"3215","-0.263148021569611"
"3216","0.0418997696061147"
"3217","-0.448540188925241"
"3218","0.549078844604282"
"3219","-0.733461792298323"
"3220","0.292773172315539"
"3221","0.837424572019112"
"3222","-0.324879771888717"
"3223","-1.12642554530329"
"3224","0.400569010636316"
"3225","-0.0205777802883181"
"3226","-0.590620339895119"
"3227","-0.476452047041526"
"3228","0.866024927229854"
"3229","0.697738083662541"
"3230","-0.947147543138741"
"3231","-0.418823907286361"
"3232","0.707290894074603"
"3233","-0.324350556447608"
"3234","-0.757497841648431"
"3235","0.422933073946207"
"3236","-0.605570269442384"
"3237","-0.792783554612462"
"3238","0.566982961405928"
"3239","-0.235065906778565"
"3240","-0.787391911336601"
"3241","-0.672337692638179"
"3242","-0.387376512873738"
"3243","-0.0105341388449876"
"3244","-0.38999136799781"
"3245","-0.60589244374082"
"3246","-1.21006497022359"
"3247","0.122874720575477"
"3248","-0.254146468232081"
"3249","-0.0104476745970843"
"3250","0.380231226649414"
"3251","-1.2568234451404"
"3252","-0.547969778832574"
"3253","-0.638256448352539"
"3254","0.7758006536992"
"3255","0.404562838020271"
"3256","1.17193063756815"
"3257","0.91083949573392"
"3258","0.222251794203082"
"3259","0.220860040851129"
"3260","0.184126594973571"
"3261","-0.300700450974264"
"3262","-0.685790094417588"
"3263","0.402735473094655"
"3264","-0.842894992447342"
"3265","0.852395663719463"
"3266","-0.113845108891851"
"3267","1.05870373681328"
"3268","0.0900001736753924"
"3269","0.509448311034629"
"3270","0.337051800678094"
"3271","0.392027790492597"
"3272","-0.643790427568726"
"3273","1.17693329632637"
"3274","0.803106920330008"
"3275","-0.708159429061147"
"3276","-0.297171679657396"
"3277","-0.293722101907647"
"3278","-0.80755943896346"
"3279","-0.425856267606422"
"3280","-0.148383015807411"
"3281","0.717680002602608"
"3282","-0.713778926752005"
"3283","-0.738702924895875"
"3284","-0.301002435152037"
"3285","0.0987052900158352"
"3286","0.0763490129523994"
"3287","-0.348735620254528"
"3288","-0.4428977756513"
"3289","-0.13185707351379"
"3290","0.558574584226543"
"3291","-0.487234825059146"
"3292","0.52132691014192"
"3293","0.308566999551569"
"3294","0.670042969386313"
"3295","0.741896049968741"
"3296","-1.26536559950823"
"3297","-0.60857303649594"
"3298","-0.632046720685769"
"3299","-1.1023330642712"
"3300","0.0523449392746997"
"3301","-0.876281924529542"
"3302","-0.419114879709008"
"3303","-0.611335562764078"
"3304","-0.553266879234813"
"3305","0.776004516389154"
"3306","1.05821273145489"
"3307","-0.272298536220779"
"3308","0.287747732039239"
"3309","-0.832866705265884"
"3310","-0.105456506277835"
"3311","-1.1582868811684"
"3312","-0.792391060125944"
"3313","-0.530812205846824"
"3314","0.676426080975267"
"3315","0.08271549188988"
"3316","-0.32662345387343"
"3317","-0.0236384526747908"
"3318","0.775556105437341"
"3319","-0.30710252723216"
"3320","-0.0939263764057982"
"3321","0.329005714667141"
"3322","0.849685919885419"
"3323","-0.0208982071757258"
"3324","0.360139021747061"
"3325","1.06921323261137"
"3326","0.0383662366421744"
"3327","0.0788134749197691"
"3328","0.657990074867301"
"3329","0.0167444266597965"
"3330","0.626442954170294"
"3331","-1.01017238462891"
"3332","0.432814520255435"
"3333","0.0853533681473049"
"3334","-0.717885859730994"
"3335","0.412411320872182"
"3336","0.807878966379869"
"3337","0.301189107108354"
"3338","-0.738532920808359"
"3339","0.0238757783896177"
"3340","-0.148386231320411"
"3341","0.230841449313533"
"3342","-0.154879217569485"
"3343","-0.0392270270062742"
"3344","0.0218572297345179"
"3345","-0.320356117976734"
"3346","0.779136735991758"
"3347","-0.219299582853156"
"3348","-0.0790667104683705"
"3349","-0.0485840320723425"
"3350","0.49660223052019"
"3351","0.175409659764053"
"3352","0.59488850434606"
"3353","-1.10311474759797"
"3354","-0.972761720713984"
"3355","0.309045462678178"
"3356","-0.145982986697556"
"3357","0.640420218773206"
"3358","0.73967386766302"
"3359","-0.785062817671085"
"3360","-0.0182596050060844"
"3361","-0.610917443886116"
"3362","-0.558745310247796"
"3363","-0.0815829219754396"
"3364","1.13722710158515"
"3365","-0.791281854899518"
"3366","-0.18038531104823"
"3367","-0.180896678150819"
"3368","0.295823975491917"
"3369","-0.0495299185264395"
"3370","0.799421396014269"
"3371","-1.08180686446738"
"3372","0.222545633574613"
"3373","0.658825632555874"
"3374","-0.212013719155904"
"3375","-0.215583334069605"
"3376","0.752161547423726"
"3377","0.427982924764127"
"3378","-0.458448412298885"
"3379","0.0506611013314575"
"3380","-0.105788097966556"
"3381","-0.390818323480679"
"3382","0.182713666371744"
"3383","-0.403017440857649"
"3384","-0.324098421475041"
"3385","-0.41004547196922"
"3386","0.517477564193886"
"3387","0.68299130030416"
"3388","0.782324851946091"
"3389","0.859908721535667"
"3390","-0.0278339369894454"
"3391","0.178625950250671"
"3392","0.569176028216848"
"3393","0.954439207539607"
"3394","-1.17521284741761"
"3395","-0.598271348508771"
"3396","-0.20236186053302"
"3397","1.44713004616427"
"3398","-0.994797391196281"
"3399","0.0295548436367974"
"3400","0.989207725537284"
"3401","0.304995431354889"
"3402","-1.1913907611236"
"3403","0.125865938633142"
"3404","0.288590320816811"
"3405","0.726164820355559"
"3406","0.691341556431166"
"3407","-0.219887216040025"
"3408","-0.111307097330981"
"3409","0.875202487354472"
"3410","-0.0222779160724872"
"3411","-0.803051226875164"
"3412","0.286792657694763"
"3413","0.975100009114432"
"3414","-0.0159205652320931"
"3415","0.923140908108004"
"3416","1.12854585261979"
"3417","-0.599991803570905"
"3418","-1.10929386139465"
"3419","0.526872925893919"
"3420","-0.0676304052114745"
"3421","0.905681039652779"
"3422","-1.14766397871433"
"3423","-0.418606339147953"
"3424","-1.09843390374671"
"3425","0.33301103980671"
"3426","-0.0690516798946974"
"3427","0.11983273678667"
"3428","-0.47916711744673"
"3429","1.05358744603638"
"3430","-0.869346674315572"
"3431","0.999474716647012"
"3432","-0.791181927269045"
"3433","-1.08673745987317"
"3434","-0.266256767291508"
"3435","0.326137695909754"
"3436","0.304877377680679"
"3437","-0.883324597561399"
"3438","0.131209709470374"
"3439","0.517176394115656"
"3440","-0.526325352984"
"3441","0.471695717618725"
"3442","-1.46852892652935"
"3443","-0.0910321701772732"
"3444","0.39658708693447"
"3445","0.152054626758428"
"3446","0.738078625859295"
"3447","0.27038959271799"
"3448","0.103667412592947"
"3449","0.424006591607937"
"3450","-0.349719970739146"
"3451","-0.161432388112044"
"3452","0.754788679268589"
"3453","0.105734761790496"
"3454","0.767534491554615"
"3455","0.477250445646673"
"3456","0.575935434585945"
"3457","0.707925338138155"
"3458","-0.30981557719552"
"3459","0.524366289816425"
"3460","-0.481999442006932"
"3461","0.636855460332161"
"3462","0.699853083614029"
"3463","0.578052042842851"
"3464","-0.811848170802562"
"3465","0.426593780492404"
"3466","0.887227753165843"
"3467","-0.698277425117322"
"3468","0.0828513176900585"
"3469","-0.0687577827263663"
"3470","0.845390608242718"
"3471","-1.2920251223364"
"3472","-0.558028498065056"
"3473","0.2635235867137"
"3474","-1.29054662877057"
"3475","-0.233596435098474"
"3476","-0.978838183904566"
"3477","-0.747691312040351"
"3478","0.783442065378059"
"3479","-0.0293170430940591"
"3480","0.236989935779404"
"3481","0.203433282209326"
"3482","0.625749430651798"
"3483","-0.229608102817226"
"3484","-0.46795147820471"
"3485","-0.0503040214570684"
"3486","0.790891679465537"
"3487","0.0550750926800947"
"3488","-0.473633573900241"
"3489","0.0641074443847069"
"3490","-0.162146594023189"
"3491","0.913760026692148"
"3492","-0.133416909973556"
"3493","0.11568771007217"
"3494","-0.426507281636076"
"3495","0.3484761437572"
"3496","-0.845917480919744"
"3497","-0.206314302868208"
"3498","0.459243014443623"
"3499","1.31707336329099"
"3500","-0.68341369512231"
"3501","-0.939046121492425"
"3502","-1.25555320370737"
"3503","0.767264747854305"
"3504","-0.497016976644482"
"3505","0.450021084304481"
"3506","-0.645799016203291"
"3507","0.272534589090504"
"3508","-0.09901217143948"
"3509","-0.223737683682986"
"3510","0.885673883045051"
"3511","-0.327911502185904"
"3512","0.71044295716342"
"3513","-0.293893361073117"
"3514","0.61725762692811"
"3515","-0.0142904577223725"
"3516","-0.452315629250141"
"3517","-0.0806298491815119"
"3518","-0.2903818800479"
"3519","0.0657122993561561"
"3520","-0.963767803992492"
"3521","0.497905983659707"
"3522","0.164723197506577"
"3523","0.749447758712934"
"3524","0.781055262320854"
"3525","-0.631661116420523"
"3526","0.804199752086371"
"3527","-0.86738619452608"
"3528","-0.225683893071428"
"3529","0.100027804000637"
"3530","0.877514432351178"
"3531","-0.631969958223138"
"3532","0.157263892396618"
"3533","0.209778058135705"
"3534","0.116297574336482"
"3535","0.10578481965879"
"3536","-0.57727439387207"
"3537","-0.580925541945872"
"3538","-0.720499287841028"
"3539","0.336647239909386"
"3540","0.225259731111743"
"3541","-0.61222227288005"
"3542","0.347218877154755"
"3543","0.749904857810431"
"3544","0.446976588873816"
"3545","-0.462583695043792"
"3546","0.663524964851814"
"3547","-0.18192646855977"
"3548","0.21321420954429"
"3549","-0.693158066857694"
"3550","0.506270865768535"
"3551","0.500277917323356"
"3552","0.779502490770136"
"3553","0.0783577526871151"
"3554","-0.149196601868266"
"3555","0.39938534199672"
"3556","0.567157986453134"
"3557","0.856228150416162"
"3558","0.732501779831784"
"3559","0.69445578564359"
"3560","0.991484253772174"
"3561","0.22985779959834"
"3562","-0.202814641934942"
"3563","0.748339023884716"
"3564","-0.178999495377608"
"3565","-0.0261671035421145"
"3566","-0.0689328312759194"
"3567","0.498531543529411"
"3568","0.690230817377928"
"3569","-0.90377562231559"
"3570","-0.731048107167683"
"3571","-0.0598868955224781"
"3572","0.651722887047598"
"3573","0.787142754582011"
"3574","-1.65739588047009"
"3575","0.851597915352079"
"3576","-0.369032927994303"
"3577","-0.101899005031382"
"3578","0.737541218524521"
"3579","0.420929132732252"
"3580","-0.405392329787209"
"3581","0.443212859347707"
"3582","0.280270734200908"
"3583","-0.877417118396988"
"3584","-0.283042635738664"
"3585","1.34293824350965"
"3586","-0.514758573635489"
"3587","-0.572965575232629"
"3588","-0.271280307807896"
"3589","-0.170083123761552"
"3590","-0.281894692405211"
"3591","0.915933978727958"
"3592","0.526678438794699"
"3593","-0.562939538456001"
"3594","0.332853994859628"
"3595","-0.785294464087519"
"3596","-0.525801008395987"
"3597","-1.30656055284286"
"3598","-0.134330499514896"
"3599","-0.232449016935394"
"3600","0.349296583152055"
"3601","0.136316708054389"
"3602","-0.0368055056684671"
"3603","-0.794721972861273"
"3604","0.178829817729777"
"3605","-0.802701644846068"
"3606","-0.0853024909835199"
"3607","-0.483464701148853"
"3608","-0.520877613138107"
"3609","-0.609015646217264"
"3610","0.765649055305172"
"3611","-0.479263632341738"
"3612","0.138130705943296"
"3613","-0.913991616516284"
"3614","0.328795604855752"
"3615","-0.565134232945622"
"3616","-1.30470709307437"
"3617","0.226063955037095"
"3618","-0.251319715607432"
"3619","-1.22294883057785"
"3620","0.565497270370198"
"3621","-0.180848232992395"
"3622","0.400067190724799"
"3623","0.0166416894483541"
"3624","0.761115128090993"
"3625","0.219300626626918"
"3626","0.266242870170925"
"3627","1.02489850790056"
"3628","0.940638905220419"
"3629","0.717930064434497"
"3630","-0.112456222694543"
"3631","-0.143925750049936"
"3632","-0.0691165436497583"
"3633","-0.573904612175087"
"3634","0.635525256695152"
"3635","-1.02648270412345"
"3636","0.725264156277825"
"3637","0.862007872903052"
"3638","-0.590698433062933"
"3639","0.350833687199959"
"3640","0.430684332208078"
"3641","-0.624853372541186"
"3642","0.0864424050261534"
"3643","-0.829200631768441"
"3644","-0.090640695492894"
"3645","0.00995591681928532"
"3646","-0.329822725759759"
"3647","1.10843932545373"
"3648","0.743618270532051"
"3649","-0.107396180130437"
"3650","1.07642853480485"
"3651","0.255206981462326"
"3652","0.668875285452889"
"3653","0.643927908365679"
"3654","0.816166481800146"
"3655","0.525496827530785"
"3656","-1.28908061869253"
"3657","-0.378029976911747"
"3658","-0.924025089121484"
"3659","0.640086505189936"
"3660","0.773581347989224"
"3661","-0.885790676023128"
"3662","-0.810683790364037"
"3663","0.737035726818398"
"3664","0.0883097824851999"
"3665","0.938942729871495"
"3666","0.525351851777248"
"3667","-0.381342524089169"
"3668","0.748594488238482"
"3669","0.773266181662837"
"3670","-0.908517554599716"
"3671","-0.106444828954469"
"3672","-0.351217489973669"
"3673","0.429618367798567"
"3674","0.476918015722142"
"3675","-0.486947512016158"
"3676","-1.31286685583705"
"3677","0.25841939027175"
"3678","-0.00695044857469407"
"3679","0.152089642454512"
"3680","0.682322361095515"
"3681","0.543769194680612"
"3682","0.777474786905783"
"3683","0.949376157160331"
"3684","0.298754615167307"
"3685","-0.672278247741859"
"3686","-0.790955793670685"
"3687","-0.0218377212534498"
"3688","0.206950295369976"
"3689","-0.635149965301437"
"3690","-0.740748299814964"
"3691","0.270209378599062"
"3692","-0.247551116980369"
"3693","0.217312032754519"
"3694","0.388135115581217"
"3695","-0.225168861490202"
"3696","0.606722366531151"
"3697","-0.595609128517426"
"3698","0.259785591394088"
"3699","0.321399606268336"
"3700","0.414581507634353"
"3701","-0.724552785630637"
"3702","-1.04650895218731"
"3703","0.569438229423371"
"3704","0.675493656295726"
"3705","0.987587720136969"
"3706","-0.183647770731936"
"3707","-0.58403043438914"
"3708","-0.388555039965504"
"3709","-0.916602548645813"
"3710","-0.0334075563911876"
"3711","0.282755053793739"
"3712","0.676594393566385"
"3713","-0.255662568582911"
"3714","0.0146847174446878"
"3715","0.772927491898189"
"3716","0.0194475073221374"
"3717","-0.11279169512245"
"3718","0.502753519836932"
"3719","-0.757785324233148"
"3720","-1.26919160284422"
"3721","-0.615169023621643"
"3722","0.401113906054905"
"3723","-0.212157885083473"
"3724","0.392390156839303"
"3725","-1.09661951899627"
"3726","-0.0599510083542699"
"3727","-1.15766708450798"
"3728","1.02320563894582"
"3729","-0.373287030550338"
"3730","-0.228906821698711"
"3731","0.676207138356485"
"3732","-0.178184983002449"
"3733","0.629514724571431"
"3734","0.468374421316683"
"3735","0.37982491114313"
"3736","-0.914502994249859"
"3737","-0.298993286311921"
"3738","-0.772604444127084"
"3739","1.11945382341879"
"3740","-0.173689143197023"
"3741","-0.5839583303289"
"3742","-1.12215811940325"
"3743","1.39038457038082"
"3744","0.359672799361717"
"3745","-0.556036069378644"
"3746","-0.669838642789923"
"3747","0.502236947701098"
"3748","-0.589320522821115"
"3749","0.796275601852665"
"3750","-0.429628310344903"
"3751","-0.436597982812555"
"3752","0.255433982922189"
"3753","-0.732504524369341"
"3754","0.0729941098192712"
"3755","-0.515594299787376"
"3756","1.00823269941962"
"3757","-1.27097958245307"
"3758","0.663851500576953"
"3759","0.445490602933248"
"3760","-0.608718189707775"
"3761","-0.985788910451332"
"3762","0.196607683035394"
"3763","0.211473088843287"
"3764","-0.508761721173662"
"3765","0.194561859547356"
"3766","0.63172074172767"
"3767","-0.0396146720121783"
"3768","-1.11628618676242"
"3769","0.416611998904917"
"3770","0.904519601680494"
"3771","0.111205433211748"
"3772","-0.159100825698564"
"3773","0.704543557540298"
"3774","0.151765712610542"
"3775","0.75818928662358"
"3776","-0.246679238184902"
"3777","0.896666800407208"
"3778","0.486643755967832"
"3779","0.580491336781741"
"3780","0.508486533922128"
"3781","0.274456455968616"
"3782","0.754197516497983"
"3783","-0.210441348207719"
"3784","-1.01870808471732"
"3785","0.105067840951625"
"3786","-0.402414625071323"
"3787","0.596902308899895"
"3788","-0.375049246454938"
"3789","0.828416883651315"
"3790","-0.601913342573581"
"3791","-1.14230210966487"
"3792","0.628680334600328"
"3793","-0.227432119737569"
"3794","-0.329955536836935"
"3795","-0.160572691800984"
"3796","-0.260914370343009"
"3797","0.131539812797653"
"3798","0.110790868093491"
"3799","1.02461474934366"
"3800","-0.258579976733332"
"3801","-0.776665159534271"
"3802","-0.0646489059133806"
"3803","0.426401565161675"
"3804","-0.157823116128381"
"3805","-0.0924682369959045"
"3806","-0.294229136891539"
"3807","0.429898412695283"
"3808","0.724026233343857"
"3809","-0.172294545098158"
"3810","-1.12724809218678"
"3811","-1.0369941064125"
"3812","-0.641128665449067"
"3813","-0.87648260545482"
"3814","-0.292026597381954"
"3815","0.136590543575854"
"3816","-0.122865678170995"
"3817","0.657102146862957"
"3818","-0.632591782136708"
"3819","-0.540951065992583"
"3820","-1.12658477366293"
"3821","-0.799724122291171"
"3822","-0.160046139489009"
"3823","0.810921834995051"
"3824","-0.759769192766807"
"3825","0.649071112721794"
"3826","0.667155340235538"
"3827","0.343000591428196"
"3828","0.654449839765971"
"3829","-0.177726144355018"
"3830","-0.119092366432519"
"3831","-0.280483941801917"
"3832","0.756790263830651"
"3833","0.743587575588661"
"3834","-1.28626288349972"
"3835","0.0246068424966162"
"3836","1.07326958422928"
"3837","0.244790540967625"
"3838","0.732724218581546"
"3839","-0.840691275785534"
"3840","0.392238547861465"
"3841","0.486412935193678"
"3842","-0.833435694415131"
"3843","0.316793991809448"
"3844","0.590141975074625"
"3845","-0.203642987795952"
"3846","0.688198073387543"
"3847","-0.549888210893984"
"3848","0.686699496382216"
"3849","0.816506712949513"
"3850","-0.264508706173856"
"3851","-0.897462703605828"
"3852","-1.45975336195589"
"3853","-1.30027949962121"
"3854","0.256444788143514"
"3855","0.0493446662933545"
"3856","0.422980884287878"
"3857","1.01446143753783"
"3858","0.435920150013112"
"3859","0.712040281043789"
"3860","-0.838261358122226"
"3861","0.237794615197529"
"3862","0.182343455926296"
"3863","-1.00552942136364"
"3864","-0.771760426985849"
"3865","0.294795295813747"
"3866","0.223845966273156"
"3867","-0.735354724762267"
"3868","0.347325696992075"
"3869","-0.359846815498624"
"3870","0.373570345725922"
"3871","0.396316713145553"
"3872","-0.830126349662402"
"3873","-0.0195564179950073"
"3874","0.343543986078459"
"3875","-0.180995243528927"
"3876","0.202981514717487"
"3877","-0.337977681866948"
"3878","-0.97275451257216"
"3879","-0.701972063913118"
"3880","0.162650328671022"
"3881","0.231925710723735"
"3882","0.470534340693431"
"3883","-1.05891771291025"
"3884","-0.0297982448314573"
"3885","-1.19158285424703"
"3886","0.679338289549381"
"3887","-0.808365889467904"
"3888","-0.681131772598921"
"3889","0.747327802119239"
"3890","0.286867617080737"
"3891","-0.198156685027784"
"3892","-0.435741819267819"
"3893","0.305466386381801"
"3894","0.572818953075522"
"3895","-0.181597251706749"
"3896","0.239982344479324"
"3897","-0.35235978081269"
"3898","-1.22556291234096"
"3899","-0.176638605644712"
"3900","0.571792239635943"
"3901","0.44803079696509"
"3902","-0.312671247991542"
"3903","0.6250261867838"
"3904","0.607748201505743"
"3905","-0.486681142488862"
"3906","0.677620132470926"
"3907","0.870290087269035"
"3908","-0.00911965816203208"
"3909","-0.407801809561765"
"3910","0.274839928585409"
"3911","-1.00673719618667"
"3912","-0.633939767220873"
"3913","-0.271440175778836"
"3914","0.798277097708709"
"3915","0.707565789538821"
"3916","-0.932070487479626"
"3917","-0.0933740339295028"
"3918","-0.0469147120772184"
"3919","-0.775082550916674"
"3920","-0.861188316057015"
"3921","-0.00976064869086612"
"3922","0.730738265098827"
"3923","-0.654024487606661"
"3924","-0.224507613870222"
"3925","-1.54687744742299"
"3926","0.162358647978569"
"3927","-0.0836406841727968"
"3928","0.810569689662773"
"3929","0.533430397644255"
"3930","-0.161548664917291"
"3931","0.668885065487787"
"3932","-0.0775191047570467"
"3933","-0.56140059341889"
"3934","-0.468558722340071"
"3935","-0.945259582695343"
"3936","-0.748574319072359"
"3937","-0.439447582432056"
"3938","-0.68771983459965"
"3939","0.72487151311377"
"3940","-0.484684845693181"
"3941","-0.885128975151974"
"3942","-0.0653041995249102"
"3943","-1.11016494118094"
"3944","-1.17660529378515"
"3945","-1.0582193011689"
"3946","-0.100906605038638"
"3947","-1.214395990445"
"3948","0.0911245807731909"
"3949","1.09093962121465"
"3950","-0.274103322199985"
"3951","-1.24195689910065"
"3952","0.103102817735509"
"3953","0.140894802647842"
"3954","0.207985310769932"
"3955","0.23337843204816"
"3956","0.632398420470627"
"3957","0.0630375199002067"
"3958","-0.172903080256392"
"3959","0.62503384556899"
"3960","0.202039782964134"
"3961","0.919793001932842"
"3962","0.395529877228203"
"3963","0.669167428466631"
"3964","-0.0837285887418444"
"3965","0.442304571143879"
"3966","-0.239576814873347"
"3967","-0.926195097870256"
"3968","-0.401450347074491"
"3969","0.648660850538683"
"3970","0.0718699067847361"
"3971","-0.778417560069333"
"3972","-0.193491253707493"
"3973","0.708469144790538"
"3974","-0.122666029994787"
"3975","0.142663143560248"
"3976","-0.0962602128413198"
"3977","0.0745775853550934"
"3978","0.356607035423746"
"3979","0.177560124082629"
"3980","-1.02770962229244"
"3981","0.766231471219469"
"3982","-0.392609861933572"
"3983","-0.314206989325114"
"3984","0.663509443229925"
"3985","0.284398642403622"
"3986","-0.555411223681621"
"3987","0.0379002528363597"
"3988","0.920202723230116"
"3989","0.533972674584251"
"3990","0.0414687466576977"
"3991","0.21667701973339"
"3992","-0.214367490646391"
"3993","-0.980551575919631"
"3994","-0.467873119040067"
"3995","-0.697990046490382"
"3996","0.86920503214301"
"3997","1.02649854004245"
"3998","0.511631941912838"
"3999","0.63262408191586"
"4000","-0.640652079310564"
"4001","0.0216255495427762"
"4002","-0.805596083077048"
"4003","0.528605903483585"
"4004","-1.00257504754096"
"4005","0.127179755879896"
"4006","0.715023421740829"
"4007","-0.423191609035345"
"4008","-0.768560519026713"
"4009","-0.315409171472188"
"4010","0.352802791348542"
"4011","-0.960082521551165"
"4012","-0.588393739520808"
"4013","0.46433472242645"
"4014","-0.928083260361548"
"4015","-0.0172095600373269"
"4016","-0.752487054963752"
"4017","-0.777426792704336"
"4018","0.979798962382473"
"4019","0.560074857546793"
"4020","-0.0887330989753284"
"4021","-0.0859408436191774"
"4022","0.710276621801911"
"4023","0.870101595522555"
"4024","1.08180004030941"
"4025","0.660222300122963"
"4026","0.60969085874346"
"4027","0.895341441961645"
"4028","0.473163547643706"
"4029","0.339176501283432"
"4030","0.646256405063132"
"4031","-1.1103683176191"
"4032","-0.412585196900627"
"4033","-0.279219336273436"
"4034","-0.253601217431273"
"4035","0.562904483403387"
"4036","0.20412275311637"
"4037","-1.01087936295819"
"4038","-0.030591774874225"
"4039","0.308422298708935"
"4040","0.28773663368196"
"4041","-0.567973520990351"
"4042","0.0484510089367447"
"4043","0.839871413676365"
"4044","-0.62540160978804"
"4045","-0.718304201122005"
"4046","0.727763862331746"
"4047","0.755627719652092"
"4048","1.13383146643998"
"4049","0.143424356050654"
"4050","0.162768371409613"
"4051","0.287553572946358"
"4052","0.393577879830053"
"4053","-0.907529622729752"
"4054","0.298802328082132"
"4055","0.55485121155525"
"4056","0.580107769029996"
"4057","-0.161527444864822"
"4058","0.780417850489178"
"4059","0.889904622666267"
"4060","1.26773421253295"
"4061","0.965453880559631"
"4062","-0.472278889017313"
"4063","0.213059172820423"
"4064","0.0668939543516607"
"4065","0.477417437361153"
"4066","0.122440389244871"
"4067","-0.76918260427392"
"4068","0.40883952399181"
"4069","1.18218921003646"
"4070","0.669453628177895"
"4071","0.679286536833972"
"4072","0.665909081154293"
"4073","-0.132876397877459"
"4074","-0.185521440850915"
"4075","-0.0398053389463391"
"4076","0.310885644335715"
"4077","-0.626239120019038"
"4078","0.307114824923318"
"4079","-0.0587168819747861"
"4080","-0.182248568111772"
"4081","0.130304993862871"
"4082","-0.896656081027894"
"4083","-0.66495951455184"
"4084","-0.0479839948743903"
"4085","-1.04989693415018"
"4086","-0.953389681122912"
"4087","0.547548276530454"
"4088","0.376608568096744"
"4089","-0.0109382015464098"
"4090","0.620058192942512"
"4091","-0.510195229716327"
"4092","-0.300366811515771"
"4093","0.158429538298975"
"4094","-1.12796521852411"
"4095","0.316424179995362"
"4096","-0.285622091634122"
"4097","0.846670053310853"
"4098","0.540444952382243"
"4099","-0.136221742640244"
"4100","0.356689224128333"
"4101","-0.855326681212827"
"4102","0.376927603605712"
"4103","0.348427146102512"
"4104","-0.430764995117504"
"4105","1.08590689977833"
"4106","-0.432964600953238"
"4107","0.223122755855267"
"4108","-1.21919771375216"
"4109","0.695762973239152"
"4110","0.00271116988477527"
"4111","-0.715993838231518"
"4112","-0.516428726754593"
"4113","-0.666966861797287"
"4114","-0.0423249713271603"
"4115","0.00569772918567901"
"4116","-0.0979978672402806"
"4117","0.870011611583763"
"4118","0.514862681565917"
"4119","0.825326120989907"
"4120","-1.31008882878129"
"4121","-0.505329432812306"
"4122","-0.00223786460836184"
"4123","0.481778209171879"
"4124","0.924612761067211"
"4125","0.735631768757312"
"4126","0.181795366784686"
"4127","0.793449579176"
"4128","-1.06976610059495"
"4129","0.443517980498117"
"4130","-0.981408350484088"
"4131","0.213497142650706"
"4132","0.260428488235995"
"4133","-0.186944272270247"
"4134","1.1454830692386"
"4135","0.54525053862351"
"4136","0.858137957212513"
"4137","0.559497211896872"
"4138","-0.681669976165982"
"4139","-1.44327591405556"
"4140","-0.892301063067138"
"4141","0.821494140830625"
"4142","-0.630968598362178"
"4143","-0.317708989282025"
"4144","-0.12157245802696"
"4145","-0.220322013737928"
"4146","0.440400614199659"
"4147","0.472599033637462"
"4148","-1.21238700956753"
"4149","0.104256396645849"
"4150","0.778736665421832"
"4151","0.910879526566033"
"4152","-0.0940865011601749"
"4153","-0.837014701162819"
"4154","-0.774265877727484"
"4155","0.776479208536461"
"4156","-0.666001673393616"
"4157","0.640078448746153"
"4158","-0.447166664381762"
"4159","-0.470406185027543"
"4160","0.567255318562188"
"4161","0.710083805542652"
"4162","0.801150874856818"
"4163","-1.04770612300515"
"4164","-0.413085136930766"
"4165","0.435391964299143"
"4166","0.274765862664799"
"4167","-0.352115922307189"
"4168","0.0696766244127214"
"4169","-0.125194104065729"
"4170","-0.516321854809052"
"4171","-0.464430035797545"
"4172","0.376513051345829"
"4173","0.482555676075446"
"4174","0.529634611287197"
"4175","0.334814609438129"
"4176","0.384701140341174"
"4177","-0.0149481887815036"
"4178","0.356518292421472"
"4179","0.248427536498058"
"4180","1.16434265102503"
"4181","0.289352262400494"
"4182","-0.960685418307251"
"4183","0.0399584733860301"
"4184","0.0163273449918628"
"4185","1.31494755976024"
"4186","0.492826403540958"
"4187","0.563657954579673"
"4188","-0.688912175743616"
"4189","0.681066196710733"
"4190","-0.198213185196514"
"4191","-0.151655274733775"
"4192","-0.0415861040516275"
"4193","-1.02867645172799"
"4194","-1.39220685494207"
"4195","0.128319482986775"
"4196","0.410336868940481"
"4197","0.247656229283846"
"4198","-0.116592572118119"
"4199","0.557403832221388"
"4200","-0.679973081529901"
"4201","0.87464309895746"
"4202","0.43744633547593"
"4203","-0.289268264562215"
"4204","-0.371648368944151"
"4205","-0.361162070048653"
"4206","0.393971257168637"
"4207","0.441902782584182"
"4208","-0.661439014590534"
"4209","-0.676037305964459"
"4210","-0.432586953757708"
"4211","-0.792861991063567"
"4212","-1.07350286310706"
"4213","0.0369172017090984"
"4214","-0.559358457594941"
"4215","0.14878230995818"
"4216","-0.580088077778056"
"4217","0.918125463200085"
"4218","0.910211555838294"
"4219","0.341218088963611"
"4220","0.703245726215101"
"4221","0.21050632074778"
"4222","0.885331601128148"
"4223","0.904608812767831"
"4224","0.803199825264815"
"4225","-0.313636868026677"
"4226","0.216405432112579"
"4227","-0.167790561355626"
"4228","-0.259820812915929"
"4229","-0.42494189714727"
"4230","-0.806805807669386"
"4231","-1.04108809256244"
"4232","-0.168293853321134"
"4233","-0.536518125668048"
"4234","-0.649396238537239"
"4235","-0.298250365384593"
"4236","-1.18892063124053"
"4237","-0.187094720888806"
"4238","0.791557263224818"
"4239","-0.292163203054651"
"4240","0.703678335774325"
"4241","0.860049598731524"
"4242","0.88374124596491"
"4243","-0.591593361584168"
"4244","0.352225856076796"
"4245","0.14129288179956"
"4246","-0.619246953848031"
"4247","-0.0712191236489064"
"4248","0.100660080920275"
"4249","-0.285359317951743"
"4250","-0.861392777037624"
"4251","0.155993348148395"
"4252","-0.151236175640021"
"4253","1.1130656701483"
"4254","-0.0385325738914556"
"4255","0.0538032806342059"
"4256","-1.50119949434193"
"4257","-0.0315109188305355"
"4258","-0.0143552133393136"
"4259","0.734940887989385"
"4260","0.702095190846193"
"4261","-0.875433289778622"
"4262","-0.453801954320175"
"4263","1.0281431502579"
"4264","-0.823495785863165"
"4265","0.299869048098417"
"4266","-0.0340782111311293"
"4267","0.118115160225609"
"4268","-0.854979160780354"
"4269","0.253975700956508"
"4270","-0.537335551695414"
"4271","-0.547929798719544"
"4272","0.105808177880477"
"4273","-0.510960553870662"
"4274","-0.685485011283356"
"4275","-0.931478299991326"
"4276","0.808862180575187"
"4277","0.104988698816209"
"4278","0.174177601694055"
"4279","0.770416406567722"
"4280","0.110603907565619"
"4281","-0.973941194403819"
"4282","0.218453745151966"
"4283","-0.356602993462493"
"4284","-0.0296881206786921"
"4285","0.691643502068252"
"4286","-0.490758433231544"
"4287","0.72898623657124"
"4288","-0.655375396066763"
"4289","-0.484214683174211"
"4290","-0.649934766484371"
"4291","0.0778999291241123"
"4292","0.0402505046188806"
"4293","-0.296425630898766"
"4294","0.392216505537039"
"4295","-0.128555902306027"
"4296","-0.801092303461154"
"4297","0.312121063851202"
"4298","-1.00823387296493"
"4299","-0.0841872149894449"
"4300","-0.643417586319788"
"4301","-0.762422145461303"
"4302","-0.71588576660304"
"4303","-0.430700874716563"
"4304","-1.25221182116676"
"4305","-0.92812206403864"
"4306","0.142739806555884"
"4307","-1.11847401176115"
"4308","0.8307259813042"
"4309","0.107520431215515"
"4310","0.861732494181676"
"4311","-0.185100303894123"
"4312","-0.169569644851519"
"4313","-0.44115727430811"
"4314","-0.496379451286569"
"4315","0.685865348656603"
"4316","-1.12659429567217"
"4317","-0.488392942602617"
"4318","1.04535224005538"
"4319","-0.0620796098851761"
"4320","0.788614907011882"
"4321","0.0986211343478143"
"4322","-0.451176129556163"
"4323","0.37036365222268"
"4324","0.710382376855474"
"4325","-0.615895193843225"
"4326","-1.12159464512593"
"4327","1.30612183022745"
"4328","0.483514710389104"
"4329","0.18496650471258"
"4330","0.730709678051333"
"4331","0.141821358188079"
"4332","0.197011955389039"
"4333","0.71413157230131"
"4334","1.1165945633589"
"4335","0.349794596003853"
"4336","0.490550891885229"
"4337","0.291707659296429"
"4338","0.623449307708589"
"4339","-0.243046994590242"
"4340","0.735009463294111"
"4341","-0.190696541182049"
"4342","0.71353014945021"
"4343","-0.790473017957676"
"4344","0.606829867331111"
"4345","-0.0470420385396779"
"4346","0.701545582587365"
"4347","0.076561181946649"
"4348","0.000374320998627109"
"4349","-0.914408283336819"
"4350","1.06965695488014"
"4351","-0.201263768209968"
"4352","0.101267824164645"
"4353","-0.033663037419731"
"4354","-1.31716584394241"
"4355","-0.338270890563034"
"4356","0.159329636550218"
"4357","0.283682877088673"
"4358","-0.627901976525977"
"4359","0.27390011219282"
"4360","-0.419997366576443"
"4361","-0.127542696049993"
"4362","0.492370554369791"
"4363","0.328237225931704"
"4364","-0.438312307559132"
"4365","0.0260755788584059"
"4366","0.597643060229885"
"4367","1.0165630565332"
"4368","0.390331216575893"
"4369","-0.947657691216948"
"4370","0.505700789792255"
"4371","-0.129199748586256"
"4372","-0.198735105716758"
"4373","-0.066051408254902"
"4374","-0.770015636873309"
"4375","-0.900408838106226"
"4376","0.825343821668211"
"4377","0.588253933218755"
"4378","-0.170780026881238"
"4379","-0.410172305091416"
"4380","0.77377008344536"
"4381","1.05016629955156"
"4382","0.186482633114852"
"4383","0.112823080143055"
"4384","0.564053288934063"
"4385","0.900593061377025"
"4386","0.38897784409555"
"4387","0.566312284870876"
"4388","0.820541918052077"
"4389","0.0740251564995713"
"4390","0.982117536952603"
"4391","0.774250123000649"
"4392","0.433917640860581"
"4393","-0.981438736809062"
"4394","-0.762918211548616"
"4395","0.595736977219945"
"4396","0.986265644843807"
"4397","0.151990034405903"
"4398","0.715851580832529"
"4399","-0.240989865537404"
"4400","-0.650501045075833"
"4401","0.662856892014911"
"4402","0.620470937737574"
"4403","-1.04362724871278"
"4404","0.760556862264843"
"4405","0.184314548650755"
"4406","0.251633564292501"
"4407","-0.248893557466427"
"4408","-0.877172787330432"
"4409","0.00717067986909004"
"4410","0.750507279713345"
"4411","0.25766436377072"
"4412","-0.1577637947552"
"4413","-0.80679776859365"
"4414","0.54672644079676"
"4415","-0.317603816583222"
"4416","0.279891685466533"
"4417","-0.00983921150231692"
"4418","-0.649350512639831"
"4419","-0.046821201855578"
"4420","0.0533747727887433"
"4421","0.632280399498877"
"4422","-0.34150196259603"
"4423","0.354892661576924"
"4424","0.188069329449008"
"4425","1.04857637849177"
"4426","-1.10298777384438"
"4427","0.85383170421331"
"4428","-0.279672408091905"
"4429","0.125745449176326"
"4430","0.639933078038284"
"4431","0.918108971066293"
"4432","0.221353535598047"
"4433","0.582075292240475"
"4434","-0.701239263207116"
"4435","0.994207397999614"
"4436","0.49607621401254"
"4437","0.642563465824318"
"4438","0.34115061136269"
"4439","-0.381070898880888"
"4440","0.91265632406167"
"4441","0.47335253994819"
"4442","0.269649997352175"
"4443","-0.806622672122787"
"4444","-0.162483548991617"
"4445","0.128319407572318"
"4446","-0.334676231276659"
"4447","1.04814319711595"
"4448","0.0410230384893753"
"4449","-0.173892107508948"
"4450","0.0258070478349341"
"4451","-0.408782663995011"
"4452","0.0310788244986353"
"4453","0.802682939704799"
"4454","-0.386821701428999"
"4455","0.518355898827047"
"4456","-0.756641901978943"
"4457","0.176591407515756"
"4458","-0.203228073980663"
"4459","0.147292962322688"
"4460","0.726388167874642"
"4461","1.15507164589605"
"4462","-0.315099560888443"
"4463","0.10365151641496"
"4464","0.280272154508483"
"4465","-0.10426961362014"
"4466","-0.917882933603915"
"4467","-1.57143286329417"
"4468","0.209980055154776"
"4469","-0.661092546411821"
"4470","-0.559667279955594"
"4471","0.0319208335871191"
"4472","0.269605109138301"
"4473","-0.230885017782104"
"4474","0.0595391679307535"
"4475","0.0749734662656414"
"4476","0.478491245974217"
"4477","-0.331615613922223"
"4478","-0.537437565780322"
"4479","0.432920834673241"
"4480","0.203164390083867"
"4481","-1.00618909768911"
"4482","0.479482542640814"
"4483","-0.3664863553014"
"4484","-1.1454177272249"
"4485","-0.035345061924416"
"4486","0.622165498779591"
"4487","0.425677270835938"
"4488","0.705135933429297"
"4489","-0.134197307585471"
"4490","-0.0389900498625808"
"4491","0.510293913954571"
"4492","0.838997441822821"
"4493","-0.0794491860539814"
"4494","-0.445042143877329"
"4495","-0.0192742742916164"
"4496","1.05597745603415"
"4497","0.242343201805145"
"4498","-0.461455830408345"
"4499","-0.983674898358874"
"4500","-0.000358144916740022"
"4501","0.909639289096198"
"4502","0.281573553902008"
"4503","-0.0627113985701833"
"4504","-0.785916159357099"
"4505","-0.534720960683602"
"4506","-0.955805340762092"
"4507","0.0256858221604876"
"4508","-0.615260221572416"
"4509","0.179724237015567"
"4510","0.900888357238331"
"4511","-0.150125850068914"
"4512","-0.619058956507267"
"4513","-0.138377745195617"
"4514","-0.0044538023090932"
"4515","-1.04166816614612"
"4516","-0.347859531116654"
"4517","0.315035045467448"
"4518","0.0961673877365474"
"4519","-0.608241026858007"
"4520","0.549002373319599"
"4521","0.924078636243037"
"4522","0.230853055679579"
"4523","-0.325118256215077"
"4524","-0.143203889818791"
"4525","0.436895327515769"
"4526","0.499844963117318"
"4527","-0.652345679587687"
"4528","0.494633527297344"
"4529","0.956006282874293"
"4530","-0.333535160128789"
"4531","1.05343330947221"
"4532","-0.0677042611743157"
"4533","-0.126876285780204"
"4534","-1.05016013622169"
"4535","0.0493533045210883"
"4536","-0.181307684658554"
"4537","-0.763495144671163"
"4538","0.858117152848527"
"4539","0.690687442457571"
"4540","0.404052192029888"
"4541","-0.187932679531023"
"4542","-0.141306810881642"
"4543","0.117630711376839"
"4544","0.435539903560308"
"4545","-0.845902913156944"
"4546","0.09327896646996"
"4547","-0.514750868652954"
"4548","-0.375824550189315"
"4549","0.375337461259995"
"4550","-0.715962373866928"
"4551","0.387833746372175"
"4552","0.893693617078334"
"4553","-0.721700464059358"
"4554","-1.15882875718604"
"4555","0.441731917472383"
"4556","0.454719082771506"
"4557","1.10856825706908"
"4558","-0.793922743745986"
"4559","0.872880092086701"
"4560","0.250341461352893"
"4561","1.28005174638055"
"4562","0.144735104746816"
"4563","0.0326551879024004"
"4564","-0.823583902328868"
"4565","-0.151979839917012"
"4566","-0.236371229920276"
"4567","-0.479496850895422"
"4568","0.501482880740426"
"4569","-0.0396977403281463"
"4570","0.255270154013511"
"4571","0.443704297173322"
"4572","-0.147729977163339"
"4573","-0.37040794757529"
"4574","-0.145614060611957"
"4575","0.043830415618707"
"4576","-0.114131612842253"
"4577","0.265115554254948"
"4578","-0.294197460954847"
"4579","-0.677603033044417"
"4580","-0.247061157607211"
"4581","0.610343377251066"
"4582","-0.134468396701455"
"4583","0.0911654407169069"
"4584","0.880793475391486"
"4585","-0.237716657837057"
"4586","0.351212663533104"
"4587","0.265333138947391"
"4588","0.330816138200865"
"4589","0.463851695273562"
"4590","0.707890744320602"
"4591","-0.150378583978362"
"4592","-1.12408034877024"
"4593","0.683749363706729"
"4594","-0.166048052999404"
"4595","-0.308635729585709"
"4596","-0.391272345348757"
"4597","0.727671256767054"
"4598","-0.215219052281861"
"4599","-0.87044703958452"
"4600","-0.693989037381049"
"4601","-1.3212941120777"
"4602","-0.726848225186667"
"4603","-0.263666310901202"
"4604","0.027385934316003"
"4605","0.320731501039908"
"4606","-0.505070912722386"
"4607","0.225610006535666"
"4608","0.560564252002265"
"4609","0.0852576393916387"
"4610","-0.157002834658085"
"4611","-0.0134886953825434"
"4612","0.316074572362002"
"4613","0.280160878061724"
"4614","0.667589232474484"
"4615","0.675256282029403"
"4616","-0.256513691927167"
"4617","-0.0843722225623262"
"4618","-0.568872765397906"
"4619","-0.816560276583791"
"4620","-0.471955902105928"
"4621","-0.012436525412327"
"4622","0.180253062767842"
"4623","0.270540152295818"
"4624","-0.254843010806729"
"4625","-0.795873576253894"
"4626","-0.999015660366494"
"4627","1.12794467823885"
"4628","-0.609049129187834"
"4629","0.739479216771173"
"4630","0.568978095639204"
"4631","0.926130951159558"
"4632","0.226377870079464"
"4633","0.570147887103165"
"4634","0.433454348740196"
"4635","0.173066647057009"
"4636","0.331692378584945"
"4637","0.673398771793331"
"4638","0.68410340157227"
"4639","0.714334871488259"
"4640","0.927053529845629"
"4641","-0.147849116419653"
"4642","-0.438639011702944"
"4643","0.264199106353889"
"4644","0.271426841685752"
"4645","0.765453002130259"
"4646","0.0157038024083647"
"4647","0.817203357463603"
"4648","-0.105859568094725"
"4649","-0.0538487861488424"
"4650","-0.149351676462053"
"4651","0.292718377410423"
"4652","-0.569290428741797"
"4653","0.353978071158422"
"4654","-0.178169048025037"
"4655","1.22625925121771"
"4656","0.0805180751577568"
"4657","-0.00794717519537869"
"4658","-0.392633248431652"
"4659","0.267999488755892"
"4660","-0.355159623735088"
"4661","0.274937030015187"
"4662","1.12322938597108"
"4663","-0.470423567096772"
"4664","0.682433277736773"
"4665","0.710508267006718"
"4666","-0.835583952982043"
"4667","-0.858624147334241"
"4668","-0.332948438270731"
"4669","-0.260060587121737"
"4670","0.843797937841595"
"4671","-0.856941064671985"
"4672","0.714704040201421"
"4673","0.760866495712459"
"4674","-1.15028562724632"
"4675","0.788299999651475"
"4676","-0.960610649852026"
"4677","-0.593858163727154"
"4678","-0.832372150423255"
"4679","0.21157074453721"
"4680","0.252160445383353"
"4681","0.672393484728474"
"4682","0.592079390327016"
"4683","-0.322969241453497"
"4684","-0.109699367362448"
"4685","0.222543475148384"
"4686","0.307006385839288"
"4687","-0.13331780620287"
"4688","-0.667209909250817"
"4689","-0.177901047944031"
"4690","1.04009724608992"
"4691","-0.195175456821453"
"4692","1.07747573633789"
"4693","-0.256217070559433"
"4694","-0.588522150739323"
"4695","0.595174752665438"
"4696","0.55602910592137"
"4697","0.0875808548645143"
"4698","0.496129603657556"
"4699","0.39928628026094"
"4700","0.562828104159236"
"4701","0.736565100877102"
"4702","0.248293446526721"
"4703","-0.512712641057221"
"4704","-0.688424262996655"
"4705","-0.978850895877125"
"4706","-0.134509076835734"
"4707","0.298194622831053"
"4708","-0.875369274587758"
"4709","1.11482170537554"
"4710","-0.618423549129109"
"4711","-0.553559941052646"
"4712","-0.566574191881772"
"4713","-0.725520725716584"
"4714","0.990258472238092"
"4715","-0.537021372086026"
"4716","-0.73003967854374"
"4717","-0.820414827117497"
"4718","-0.492272004144842"
"4719","0.135607207236637"
"4720","1.32340520024233"
"4721","-0.202031347043991"
"4722","-0.822876264249727"
"4723","0.205644391947732"
"4724","1.00665989414621"
"4725","0.863697462157305"
"4726","-0.0918687266807067"
"4727","0.1332581119284"
"4728","-0.754264994516531"
"4729","0.0589688519995164"
"4730","-0.740974656054515"
"4731","0.00700644359895253"
"4732","-0.0293345310406237"
"4733","0.0131039799535961"
"4734","-0.144252439781227"
"4735","-0.861540117254084"
"4736","-0.514388581716616"
"4737","-0.207915057856688"
"4738","0.211862060682254"
"4739","0.452750301519492"
"4740","-0.409314484061365"
"4741","0.34070036769711"
"4742","0.646213597780846"
"4743","-0.393774630198521"
"4744","0.182417995450595"
"4745","0.163731508201021"
"4746","0.272236734455663"
"4747","0.145449107382033"
"4748","-0.470030182934629"
"4749","0.250097366876312"
"4750","-0.101754455762584"
"4751","0.459899996443407"
"4752","0.484979740201109"
"4753","-0.882172858868927"
"4754","-0.0105258766401249"
"4755","0.417023559146013"
"4756","-0.632810684483582"
"4757","0.450199486219277"
"4758","0.196389570595197"
"4759","0.683586041305013"
"4760","0.0360826552003095"
"4761","-1.26494351493121"
"4762","-0.58753005779785"
"4763","-0.922364980258585"
"4764","-0.189240429891676"
"4765","-0.182154330588521"
"4766","-0.115936139648822"
"4767","0.362889561328725"
"4768","0.84264642585597"
"4769","-0.0356569706344186"
"4770","-0.728766940372601"
"4771","0.959966578447773"
"4772","0.464867383288279"
"4773","-0.0708249164303175"
"4774","-0.0816416576846343"
"4775","0.349313527630028"
"4776","0.117690624089889"
"4777","-0.0498637387239476"
"4778","-0.0679677985405083"
"4779","-0.492290365680355"
"4780","-1.00036177057814"
"4781","0.294049697871854"
"4782","-0.122967119693042"
"4783","-0.154568238820095"
"4784","0.273081718743724"
"4785","0.474499728008535"
"4786","-0.597566754013407"
"4787","0.377999926497884"
"4788","-0.271119877428711"
"4789","-0.717004089457935"
"4790","-0.00780676183800633"
"4791","0.46393179737438"
"4792","0.187695848898192"
"4793","0.702751119603197"
"4794","-0.138205611392358"
"4795","-0.558336321647388"
"4796","1.1544913254626"
"4797","-0.24103796777205"
"4798","-0.584721998487415"
"4799","0.248611828879163"
"4800","-0.641332184870288"
"4801","-0.126039232902325"
"4802","0.70541860689499"
"4803","-0.082583997123605"
"4804","-0.0198319800133331"
"4805","-1.07848487602274"
"4806","0.167113383817936"
"4807","0.136726215955583"
"4808","-0.051809081321077"
"4809","-0.910012364375655"
"4810","0.586219960431477"
"4811","0.048774915849342"
"4812","0.278383365408668"
"4813","-0.41120942761358"
"4814","0.076124409580697"
"4815","0.934292522482715"
"4816","-1.16005213004959"
"4817","0.762259998550485"
"4818","-1.37735850408545"
"4819","-0.327735914335613"
"4820","0.039086303617913"
"4821","0.628987013861874"
"4822","0.42186056686386"
"4823","-0.130246034861733"
"4824","0.406049243698143"
"4825","-0.112552702033104"
"4826","0.468679895619036"
"4827","-0.812749851362246"
"4828","-0.745489354739644"
"4829","0.763764160589155"
"4830","0.212910304888159"
"4831","0.0103161507195619"
"4832","0.461058724936171"
"4833","0.550392998798697"
"4834","-0.694075003053199"
"4835","-0.265598875229605"
"4836","0.0922010735338028"
"4837","-1.3639140772713"
"4838","0.419674382384264"
"4839","-0.105542426989785"
"4840","0.474049102526444"
"4841","-0.394826225244656"
"4842","-1.35593655952065"
"4843","0.809894221351545"
"4844","-1.45983133100657"
"4845","0.357918155588111"
"4846","0.238752126364297"
"4847","-0.782114822806883"
"4848","-0.0690554263150901"
"4849","-1.1447864349511"
"4850","-0.134023805039013"
"4851","-0.131719914140532"
"4852","-0.926203296575558"
"4853","-0.114049931324367"
"4854","0.398401781756694"
"4855","-0.208764096214822"
"4856","0.785935049986925"
"4857","-0.698737662509752"
"4858","-0.497665358089414"
"4859","-0.294509404874923"
"4860","0.156781708026244"
"4861","-0.0460399602169429"
"4862","0.841219220680118"
"4863","0.854256129815051"
"4864","-0.562230728345028"
"4865","-0.054257071791658"
"4866","-1.20647113616391"
"4867","0.84192712577817"
"4868","0.548853013625222"
"4869","1.06725353607673"
"4870","-0.856503542889232"
"4871","-0.634755666619987"
"4872","0.426542915343314"
"4873","-0.208383920880962"
"4874","0.23686366070872"
"4875","-0.686829127674125"
"4876","0.0467508409632615"
"4877","-0.00948181214010846"
"4878","-0.147373188504873"
"4879","0.604699084855847"
"4880","0.0100106544371263"
"4881","-0.744413556849653"
"4882","0.452643121212014"
"4883","-1.02224087031337"
"4884","-0.158693405484"
"4885","-0.12463596254066"
"4886","0.861077692195565"
"4887","-0.0600598666007253"
"4888","0.872150244704651"
"4889","0.734424312783386"
"4890","-0.88278910809816"
"4891","-0.204275572185264"
"4892","1.37686879278851"
"4893","-0.186539892458395"
"4894","-0.610510528094592"
"4895","0.292606580331028"
"4896","1.16235933950563"
"4897","-0.106655992198069"
"4898","-0.731700179506059"
"4899","0.635985816031023"
"4900","0.401282041843333"
"4901","-0.472914532231882"
"4902","-0.426644951152198"
"4903","-0.139274045600358"
"4904","-0.325946144793823"
"4905","-0.761024020620686"
"4906","-1.40498472067008"
"4907","-0.225896404446324"
"4908","1.26535546657687"
"4909","1.04910480643804"
"4910","0.707165146944289"
"4911","0.665159460998277"
"4912","0.00531667802953995"
"4913","0.0560884550481511"
"4914","-0.26013340299695"
"4915","0.351453822581259"
"4916","0.245848001335109"
"4917","0.837401236026854"
"4918","-0.977735049047059"
"4919","0.0307766736736352"
"4920","0.630800410339387"
"4921","-0.611651038308565"
"4922","0.236610269713069"
"4923","0.754190286419454"
"4924","0.26145486126813"
"4925","0.705073615030544"
"4926","0.783766657683214"
"4927","-0.567713156824898"
"4928","-0.688716522484592"
"4929","-0.26787004429869"
"4930","-0.164880268686217"
"4931","0.744836049225097"
"4932","-0.36322582343468"
"4933","-0.517107783793842"
"4934","0.0824855340496362"
"4935","0.951753015548162"
"4936","0.168085217305307"
"4937","-0.17699235733169"
"4938","0.0622625858445838"
"4939","-0.0113060543547854"
"4940","0.57268393475353"
"4941","-0.196321728354085"
"4942","0.168406504896631"
"4943","1.03365676724495"
"4944","0.315165062034421"
"4945","0.619753662556178"
"4946","-0.944491891109024"
"4947","0.24994131984648"
"4948","0.679744185052473"
"4949","0.0447008915179388"
"4950","0.285510518339665"
"4951","-0.37419898821362"
"4952","-0.505802123419971"
"4953","0.678695891336722"
"4954","-0.309321899883233"
"4955","-0.923138297505369"
"4956","0.0963647198289228"
"4957","-0.665453544704649"
"4958","0.335930358402534"
"4959","0.115493037368187"
"4960","-0.0460643755910312"
"4961","0.530992646880667"
"4962","0.431986867802416"
"4963","-0.0286987042450128"
"4964","0.170612725080318"
"4965","-0.180925407492064"
"4966","-0.413550502581051"
"4967","0.00717487325623645"
"4968","0.918942489479392"
"4969","0.357696114244404"
"4970","0.00815047045997574"
"4971","0.057892648785739"
"4972","0.309126346673265"
"4973","0.780429612469514"
"4974","0.862155415719643"
"4975","-0.108399294415602"
"4976","0.35378094726367"
"4977","0.661191007472327"
"4978","-0.982119289752846"
"4979","-0.170044099923648"
"4980","-0.882135708440983"
"4981","0.43059398325783"
"4982","-0.25794386214729"
"4983","-0.0289945655451294"
"4984","0.516678787289711"
"4985","-0.651197044127726"
"4986","0.112697528077456"
"4987","0.63047004427231"
"4988","0.825070980396945"
"4989","-0.731210863086107"
"4990","-0.272347277818846"
"4991","0.880429588606581"
"4992","0.748024075076619"
"4993","0.127357706485226"
"4994","-0.761720536703333"
"4995","-0.357097470643245"
"4996","0.642836465325544"
"4997","-0.291179597880878"
"4998","-0.266186991211081"
"4999","-0.339644395248388"
